Record Length,2.500000e+03,,  -0.000000120000, -20.80000,
Sample Interval,2.000000e-10,,  -0.000000119800, -20.80000,
Trigger Point,6.000000000000e+02,,  -0.000000119600, -20.80000,
,,,  -0.000000119400, -20.80000,
,,,  -0.000000119200, -20.80000,
,,,  -0.000000119000, -20.40000,
Source,CH1,,  -0.000000118800, -20.40000,
Vertical Units,V,,  -0.000000118600, -20.40000,
Vertical Scale,1.000000e+01,,  -0.000000118400, -20.40000,
Vertical Offset,-4.000000e-01,,  -0.000000118200, -20.40000,
Horizontal Units,s,,  -0.000000118000, -20.40000,
Horizontal Scale,5.000000e-08,,  -0.000000117800, -20.80000,
Pt Fmt,Y,,  -0.000000117600, -20.80000,
Yzero,0.000000e+00,,  -0.000000117400, -20.80000,
Probe Atten,1.000000e+01,,  -0.000000117200, -20.80000,
Model Number,TDS1012B,,  -0.000000117000, -20.80000,
Serial Number,C063631,,  -0.000000116800, -20.80000,
Firmware Version,FV:v22.01,,  -0.000000116600, -20.80000,
,,,-00.000000116400, -20.80000,
,,,-00.000000116200, -20.80000,
,,,-00.000000116000, -20.80000,
,,,-00.000000115800, -20.80000,
,,,-00.000000115600, -20.80000,
,,,-00.000000115400, -20.80000,
,,,-00.000000115200, -20.80000,
,,,-00.000000115000, -20.80000,
,,,-00.000000114800, -20.80000,
,,,-00.000000114600, -20.80000,
,,,-00.000000114400, -20.80000,
,,,-00.000000114200, -20.80000,
,,,-00.000000114000, -20.80000,
,,,-00.000000113800, -20.80000,
,,,-00.000000113600, -20.80000,
,,,-00.000000113400, -20.80000,
,,,-00.000000113200, -20.80000,
,,,-00.000000113000, -20.80000,
,,,-00.000000112800, -20.80000,
,,,-00.000000112600, -20.80000,
,,,-00.000000112400, -20.80000,
,,,-00.000000112200, -20.80000,
,,,-00.000000112000, -20.40000,
,,,-00.000000111800, -20.40000,
,,,-00.000000111600, -20.40000,
,,,-00.000000111400, -20.40000,
,,,-00.000000111200, -20.40000,
,,,-00.000000111000, -20.40000,
,,,-00.000000110800, -20.80000,
,,,-00.000000110600, -20.80000,
,,,-00.000000110400, -20.80000,
,,,-00.000000110200, -20.80000,
,,,-00.000000110000, -20.80000,
,,,-00.000000109800, -20.80000,
,,,-00.000000109600, -20.80000,
,,,-00.000000109400, -20.80000,
,,,-00.000000109200, -20.80000,
,,,-00.000000109000, -20.80000,
,,,-00.000000108800, -21.20000,
,,,-00.000000108600, -21.20000,
,,,-00.000000108400, -21.20000,
,,,-00.000000108200, -21.20000,
,,,-00.000000108000, -21.20000,
,,,-00.000000107800, -21.20000,
,,,-00.000000107600, -21.20000,
,,,-00.000000107400, -21.20000,
,,,-00.000000107200, -21.20000,
,,,-00.000000107000, -20.80000,
,,,-00.000000106800, -20.80000,
,,,-00.000000106600, -20.80000,
,,,-00.000000106400, -20.80000,
,,,-00.000000106200, -20.40000,
,,,-00.000000106000, -20.40000,
,,,-00.000000105800, -20.80000,
,,,-00.000000105600, -20.80000,
,,,-00.000000105400, -20.80000,
,,,-00.000000105200, -20.80000,
,,,-00.000000105000, -20.80000,
,,,-00.000000104800, -20.80000,
,,,-00.000000104600, -20.80000,
,,,-00.000000104400, -20.80000,
,,,-00.000000104200, -20.80000,
,,,-00.000000104000, -20.80000,
,,,-00.000000103800, -20.80000,
,,,-00.000000103600, -20.80000,
,,,-00.000000103400, -20.80000,
,,,-00.000000103200, -20.80000,
,,,-00.000000103000, -20.80000,
,,,-00.000000102800, -20.80000,
,,,-00.000000102600, -20.80000,
,,,-00.000000102400, -20.80000,
,,,-00.000000102200, -20.80000,
,,,-00.000000102000, -20.80000,
,,,-00.000000101800, -20.80000,
,,,-00.000000101600, -20.80000,
,,,-00.000000101400, -20.80000,
,,,-00.000000101200, -20.80000,
,,,-00.000000101000, -20.80000,
,,,-00.000000100800, -20.80000,
,,,-00.000000100600, -20.80000,
,,,-00.000000100400, -20.80000,
,,,-00.000000100200, -20.80000,
,,,-00.000000100000, -20.80000,
,,,-00.000000099800, -20.80000,
,,,-00.000000099600, -20.80000,
,,,-00.000000099400, -20.80000,
,,,-00.000000099200, -20.80000,
,,,-00.000000099000, -20.80000,
,,,-00.000000098800, -20.80000,
,,,-00.000000098600, -20.80000,
,,,-00.000000098400, -20.80000,
,,,-00.000000098200, -20.80000,
,,,-00.000000098000, -20.40000,
,,,-00.000000097800, -20.40000,
,,,-00.000000097600, -20.80000,
,,,-00.000000097400, -20.80000,
,,,-00.000000097200, -20.80000,
,,,-00.000000097000, -20.80000,
,,,-00.000000096800, -21.20000,
,,,-00.000000096600, -21.20000,
,,,-00.000000096400, -21.20000,
,,,-00.000000096200, -21.20000,
,,,-00.000000096000, -21.20000,
,,,-00.000000095800, -21.20000,
,,,-00.000000095600, -21.20000,
,,,-00.000000095400, -21.20000,
,,,-00.000000095200, -21.20000,
,,,-00.000000095000, -20.80000,
,,,-00.000000094800, -21.20000,
,,,-00.000000094600, -21.20000,
,,,-00.000000094400, -21.20000,
,,,-00.000000094200, -21.20000,
,,,-00.000000094000, -21.20000,
,,,-00.000000093800, -21.20000,
,,,-00.000000093600, -21.20000,
,,,-00.000000093400, -21.20000,
,,,-00.000000093200, -21.20000,
,,,-00.000000093000, -20.80000,
,,,-00.000000092800, -21.20000,
,,,-00.000000092600, -21.20000,
,,,-00.000000092400, -21.20000,
,,,-00.000000092200, -21.20000,
,,,-00.000000092000, -21.20000,
,,,-00.000000091800, -21.20000,
,,,-00.000000091600, -21.60000,
,,,-00.000000091400, -21.60000,
,,,-00.000000091200, -21.20000,
,,,-00.000000091000, -21.20000,
,,,-00.000000090800, -21.20000,
,,,-00.000000090600, -21.20000,
,,,-00.000000090400, -21.20000,
,,,-00.000000090200, -21.20000,
,,,-00.000000090000, -20.80000,
,,,-00.000000089800, -21.20000,
,,,-00.000000089600, -21.20000,
,,,-00.000000089400, -21.20000,
,,,-00.000000089200, -21.20000,
,,,-00.000000089000, -21.20000,
,,,-00.000000088800, -21.20000,
,,,-00.000000088600, -21.20000,
,,,-00.000000088400, -21.20000,
,,,-00.000000088200, -21.20000,
,,,-00.000000088000, -20.80000,
,,,-00.000000087800, -20.80000,
,,,-00.000000087600, -20.80000,
,,,-00.000000087400, -20.80000,
,,,-00.000000087200, -20.80000,
,,,-00.000000087000, -20.40000,
,,,-00.000000086800, -20.40000,
,,,-00.000000086600, -20.40000,
,,,-00.000000086400, -20.40000,
,,,-00.000000086200, -20.40000,
,,,-00.000000086000, -20.40000,
,,,-00.000000085800, -20.80000,
,,,-00.000000085600, -20.80000,
,,,-00.000000085400, -20.80000,
,,,-00.000000085200, -20.80000,
,,,-00.000000085000, -20.80000,
,,,-00.000000084800, -20.80000,
,,,-00.000000084600, -20.80000,
,,,-00.000000084400, -20.80000,
,,,-00.000000084200, -20.80000,
,,,-00.000000084000, -20.80000,
,,,-00.000000083800, -20.80000,
,,,-00.000000083600, -20.80000,
,,,-00.000000083400, -20.80000,
,,,-00.000000083200, -20.80000,
,,,-00.000000083000, -20.80000,
,,,-00.000000082800, -20.80000,
,,,-00.000000082600, -20.80000,
,,,-00.000000082400, -20.80000,
,,,-00.000000082200, -20.80000,
,,,-00.000000082000, -20.80000,
,,,-00.000000081800, -20.80000,
,,,-00.000000081600, -20.80000,
,,,-00.000000081400, -20.80000,
,,,-00.000000081200, -20.80000,
,,,-00.000000081000, -20.80000,
,,,-00.000000080800, -20.80000,
,,,-00.000000080600, -20.80000,
,,,-00.000000080400, -20.80000,
,,,-00.000000080200, -20.80000,
,,,-00.000000080000, -20.80000,
,,,-00.000000079800, -20.80000,
,,,-00.000000079600, -20.80000,
,,,-00.000000079400, -20.80000,
,,,-00.000000079200, -20.80000,
,,,-00.000000079000, -20.80000,
,,,-00.000000078800, -20.80000,
,,,-00.000000078600, -20.80000,
,,,-00.000000078400, -20.80000,
,,,-00.000000078200, -20.80000,
,,,-00.000000078000, -20.80000,
,,,-00.000000077800, -20.80000,
,,,-00.000000077600, -20.80000,
,,,-00.000000077400, -20.80000,
,,,-00.000000077200, -20.80000,
,,,-00.000000077000, -20.40000,
,,,-00.000000076800, -20.40000,
,,,-00.000000076600, -20.80000,
,,,-00.000000076400, -20.80000,
,,,-00.000000076200, -20.80000,
,,,-00.000000076000, -20.80000,
,,,-00.000000075800, -21.20000,
,,,-00.000000075600, -21.20000,
,,,-00.000000075400, -21.20000,
,,,-00.000000075200, -21.20000,
,,,-00.000000075000, -21.20000,
,,,-00.000000074800, -21.20000,
,,,-00.000000074600, -21.20000,
,,,-00.000000074400, -21.20000,
,,,-00.000000074200, -21.20000,
,,,-00.000000074000, -20.80000,
,,,-00.000000073800, -20.80000,
,,,-00.000000073600, -20.80000,
,,,-00.000000073400, -20.80000,
,,,-00.000000073200, -20.80000,
,,,-00.000000073000, -20.80000,
,,,-00.000000072800, -20.80000,
,,,-00.000000072600, -20.80000,
,,,-00.000000072400, -20.80000,
,,,-00.000000072200, -20.80000,
,,,-00.000000072000, -20.80000,
,,,-00.000000071800, -20.80000,
,,,-00.000000071600, -20.80000,
,,,-00.000000071400, -20.80000,
,,,-00.000000071200, -20.80000,
,,,-00.000000071000, -20.80000,
,,,-00.000000070800, -20.80000,
,,,-00.000000070600, -20.80000,
,,,-00.000000070400, -20.80000,
,,,-00.000000070200, -20.80000,
,,,-00.000000070000, -20.80000,
,,,-00.000000069800, -21.20000,
,,,-00.000000069600, -21.20000,
,,,-00.000000069400, -21.20000,
,,,-00.000000069200, -21.20000,
,,,-00.000000069000, -21.20000,
,,,-00.000000068800, -21.20000,
,,,-00.000000068600, -21.20000,
,,,-00.000000068400, -21.20000,
,,,-00.000000068200, -21.20000,
,,,-00.000000068000, -20.80000,
,,,-00.000000067800, -20.80000,
,,,-00.000000067600, -20.80000,
,,,-00.000000067400, -20.80000,
,,,-00.000000067200, -20.40000,
,,,-00.000000067000, -20.40000,
,,,-00.000000066800, -20.80000,
,,,-00.000000066600, -20.80000,
,,,-00.000000066400, -20.80000,
,,,-00.000000066200, -20.80000,
,,,-00.000000066000, -20.80000,
,,,-00.000000065800, -20.80000,
,,,-00.000000065600, -20.80000,
,,,-00.000000065400, -20.80000,
,,,-00.000000065200, -20.80000,
,,,-00.000000065000, -20.80000,
,,,-00.000000064800, -20.80000,
,,,-00.000000064600, -20.80000,
,,,-00.000000064400, -20.80000,
,,,-00.000000064200, -20.80000,
,,,-00.000000064000, -20.80000,
,,,-00.000000063800, -20.80000,
,,,-00.000000063600, -20.80000,
,,,-00.000000063400, -20.80000,
,,,-00.000000063200, -20.80000,
,,,-00.000000063000, -20.80000,
,,,-00.000000062800, -20.80000,
,,,-00.000000062600, -20.80000,
,,,-00.000000062400, -20.80000,
,,,-00.000000062200, -20.80000,
,,,-00.000000062000, -20.80000,
,,,-00.000000061800, -21.20000,
,,,-00.000000061600, -21.20000,
,,,-00.000000061400, -21.20000,
,,,-00.000000061200, -21.20000,
,,,-00.000000061000, -21.20000,
,,,-00.000000060800, -21.20000,
,,,-00.000000060600, -21.60000,
,,,-00.000000060400, -21.60000,
,,,-00.000000060200, -21.20000,
,,,-00.000000060000, -21.20000,
,,,-00.000000059800, -21.20000,
,,,-00.000000059600, -21.20000,
,,,-00.000000059400, -21.20000,
,,,-00.000000059200, -21.20000,
,,,-00.000000059000, -20.80000,
,,,-00.000000058800, -20.80000,
,,,-00.000000058600, -20.80000,
,,,-00.000000058400, -20.80000,
,,,-00.000000058200, -20.80000,
,,,-00.000000058000, -20.80000,
,,,-00.000000057800, -21.20000,
,,,-00.000000057600, -21.20000,
,,,-00.000000057400, -21.20000,
,,,-00.000000057200, -21.20000,
,,,-00.000000057000, -21.20000,
,,,-00.000000056800, -21.20000,
,,,-00.000000056600, -21.60000,
,,,-00.000000056400, -21.60000,
,,,-00.000000056200, -21.20000,
,,,-00.000000056000, -21.20000,
,,,-00.000000055800, -21.20000,
,,,-00.000000055600, -21.20000,
,,,-00.000000055400, -21.20000,
,,,-00.000000055200, -21.20000,
,,,-00.000000055000, -20.80000,
,,,-00.000000054800, -21.20000,
,,,-00.000000054600, -21.20000,
,,,-00.000000054400, -21.20000,
,,,-00.000000054200, -21.20000,
,,,-00.000000054000, -21.20000,
,,,-00.000000053800, -21.20000,
,,,-00.000000053600, -21.20000,
,,,-00.000000053400, -21.20000,
,,,-00.000000053200, -21.20000,
,,,-00.000000053000, -20.80000,
,,,-00.000000052800, -21.20000,
,,,-00.000000052600, -21.20000,
,,,-00.000000052400, -21.20000,
,,,-00.000000052200, -21.20000,
,,,-00.000000052000, -21.20000,
,,,-00.000000051800, -21.20000,
,,,-00.000000051600, -21.20000,
,,,-00.000000051400, -21.20000,
,,,-00.000000051200, -21.20000,
,,,-00.000000051000, -20.80000,
,,,-00.000000050800, -20.80000,
,,,-00.000000050600, -20.80000,
,,,-00.000000050400, -20.80000,
,,,-00.000000050200, -20.80000,
,,,-00.000000050000, -20.80000,
,,,-00.000000049800, -20.80000,
,,,-00.000000049600, -20.80000,
,,,-00.000000049400, -20.80000,
,,,-00.000000049200, -20.80000,
,,,-00.000000049000, -20.40000,
,,,-00.000000048800, -20.40000,
,,,-00.000000048600, -20.40000,
,,,-00.000000048400, -20.40000,
,,,-00.000000048200, -20.40000,
,,,-00.000000048000, -20.40000,
,,,-00.000000047800, -20.80000,
,,,-00.000000047600, -20.80000,
,,,-00.000000047400, -20.80000,
,,,-00.000000047200, -20.80000,
,,,-00.000000047000, -20.80000,
,,,-00.000000046800, -20.80000,
,,,-00.000000046600, -20.80000,
,,,-00.000000046400, -20.80000,
,,,-00.000000046200, -20.80000,
,,,-00.000000046000, -20.80000,
,,,-00.000000045800, -20.80000,
,,,-00.000000045600, -20.80000,
,,,-00.000000045400, -20.80000,
,,,-00.000000045200, -20.80000,
,,,-00.000000045000, -20.80000,
,,,-00.000000044800, -20.80000,
,,,-00.000000044600, -20.80000,
,,,-00.000000044400, -20.80000,
,,,-00.000000044200, -20.80000,
,,,-00.000000044000, -20.40000,
,,,-00.000000043800, -20.80000,
,,,-00.000000043600, -20.80000,
,,,-00.000000043400, -20.80000,
,,,-00.000000043200, -20.80000,
,,,-00.000000043000, -20.80000,
,,,-00.000000042800, -20.80000,
,,,-00.000000042600, -20.80000,
,,,-00.000000042400, -20.80000,
,,,-00.000000042200, -20.80000,
,,,-00.000000042000, -20.80000,
,,,-00.000000041800, -20.80000,
,,,-00.000000041600, -20.80000,
,,,-00.000000041400, -20.80000,
,,,-00.000000041200, -20.80000,
,,,-00.000000041000, -20.80000,
,,,-00.000000040800, -20.80000,
,,,-00.000000040600, -20.80000,
,,,-00.000000040400, -20.80000,
,,,-00.000000040200, -20.80000,
,,,-00.000000040000, -20.80000,
,,,-00.000000039800, -20.80000,
,,,-00.000000039600, -20.80000,
,,,-00.000000039400, -20.80000,
,,,-00.000000039200, -20.80000,
,,,-00.000000039000, -20.40000,
,,,-00.000000038800, -20.40000,
,,,-00.000000038600, -20.40000,
,,,-00.000000038400, -20.40000,
,,,-00.000000038200, -20.40000,
,,,-00.000000038000, -20.40000,
,,,-00.000000037800, -20.80000,
,,,-00.000000037600, -20.80000,
,,,-00.000000037400, -21.20000,
,,,-00.000000037200, -21.20000,
,,,-00.000000037000, -21.20000,
,,,-00.000000036800, -21.20000,
,,,-00.000000036600, -21.60000,
,,,-00.000000036400, -21.20000,
,,,-00.000000036200, -21.20000,
,,,-00.000000036000, -21.20000,
,,,-00.000000035800, -21.20000,
,,,-00.000000035600, -21.20000,
,,,-00.000000035400, -21.20000,
,,,-00.000000035200, -21.20000,
,,,-00.000000035000, -21.20000,
,,,-00.000000034800, -21.20000,
,,,-00.000000034600, -21.20000,
,,,-00.000000034400, -21.20000,
,,,-00.000000034200, -21.20000,
,,,-00.000000034000, -21.20000,
,,,-00.000000033800, -21.20000,
,,,-00.000000033600, -21.20000,
,,,-00.000000033400, -21.20000,
,,,-00.000000033200, -21.20000,
,,,-00.000000033000, -20.80000,
,,,-00.000000032800, -21.20000,
,,,-00.000000032600, -21.20000,
,,,-00.000000032400, -21.20000,
,,,-00.000000032200, -21.20000,
,,,-00.000000032000, -21.20000,
,,,-00.000000031800, -21.20000,
,,,-00.000000031600, -21.20000,
,,,-00.000000031400, -21.20000,
,,,-00.000000031200, -21.20000,
,,,-00.000000031000, -21.20000,
,,,-00.000000030800, -21.20000,
,,,-00.000000030600, -21.20000,
,,,-00.000000030400, -21.20000,
,,,-00.000000030200, -21.20000,
,,,-00.000000030000, -21.20000,
,,,-00.000000029800, -21.20000,
,,,-00.000000029600, -21.20000,
,,,-00.000000029400, -21.20000,
,,,-00.000000029200, -21.20000,
,,,-00.000000029000, -20.80000,
,,,-00.000000028800, -20.80000,
,,,-00.000000028600, -20.80000,
,,,-00.000000028400, -20.80000,
,,,-00.000000028200, -20.80000,
,,,-00.000000028000, -20.80000,
,,,-00.000000027800, -20.80000,
,,,-00.000000027600, -20.80000,
,,,-00.000000027400, -20.80000,
,,,-00.000000027200, -20.80000,
,,,-00.000000027000, -20.80000,
,,,-00.000000026800, -20.80000,
,,,-00.000000026600, -20.80000,
,,,-00.000000026400, -20.80000,
,,,-00.000000026200, -20.80000,
,,,-00.000000026000, -20.80000,
,,,-00.000000025800, -21.20000,
,,,-00.000000025600, -21.20000,
,,,-00.000000025400, -21.20000,
,,,-00.000000025200, -21.20000,
,,,-00.000000025000, -21.20000,
,,,-00.000000024800, -21.20000,
,,,-00.000000024600, -21.20000,
,,,-00.000000024400, -21.20000,
,,,-00.000000024200, -21.20000,
,,,-00.000000024000, -21.20000,
,,,-00.000000023800, -21.20000,
,,,-00.000000023600, -21.20000,
,,,-00.000000023400, -21.20000,
,,,-00.000000023200, -21.20000,
,,,-00.000000023000, -21.20000,
,,,-00.000000022800, -21.20000,
,,,-00.000000022600, -21.20000,
,,,-00.000000022400, -21.20000,
,,,-00.000000022200, -21.20000,
,,,-00.000000022000, -20.80000,
,,,-00.000000021800, -21.20000,
,,,-00.000000021600, -21.20000,
,,,-00.000000021400, -21.20000,
,,,-00.000000021200, -21.20000,
,,,-00.000000021000, -21.20000,
,,,-00.000000020800, -21.20000,
,,,-00.000000020600, -21.20000,
,,,-00.000000020400, -21.20000,
,,,-00.000000020200, -21.20000,
,,,-00.000000020000, -20.80000,
,,,-00.000000019800, -20.80000,
,,,-00.000000019600, -20.80000,
,,,-00.000000019400, -20.80000,
,,,-00.000000019200, -20.80000,
,,,-00.000000019000, -20.80000,
,,,-00.000000018800, -21.20000,
,,,-00.000000018600, -21.20000,
,,,-00.000000018400, -21.20000,
,,,-00.000000018200, -21.20000,
,,,-00.000000018000, -21.20000,
,,,-00.000000017800, -21.20000,
,,,-00.000000017600, -21.20000,
,,,-00.000000017400, -20.80000,
,,,-00.000000017200, -20.80000,
,,,-00.000000017000, -20.40000,
,,,-00.000000016800, -20.40000,
,,,-00.000000016600, -20.40000,
,,,-00.000000016400, -20.40000,
,,,-00.000000016200, -20.40000,
,,,-00.000000016000, -20.40000,
,,,-00.000000015800, -20.40000,
,,,-00.000000015600, -20.40000,
,,,-00.000000015400, -20.40000,
,,,-00.000000015200, -20.40000,
,,,-00.000000015000, -20.40000,
,,,-00.000000014800, -20.40000,
,,,-00.000000014600, -20.40000,
,,,-00.000000014400, -20.40000,
,,,-00.000000014200, -20.40000,
,,,-00.000000014000, -20.40000,
,,,-00.000000013800, -20.80000,
,,,-00.000000013600, -20.80000,
,,,-00.000000013400, -20.80000,
,,,-00.000000013200, -20.80000,
,,,-00.000000013000, -20.80000,
,,,-00.000000012800, -20.80000,
,,,-00.000000012600, -21.20000,
,,,-00.000000012400, -21.20000,
,,,-00.000000012200, -20.80000,
,,,-00.000000012000, -20.80000,
,,,-00.000000011800, -20.80000,
,,,-00.000000011600, -20.80000,
,,,-00.000000011400, -20.80000,
,,,-00.000000011200, -20.80000,
,,,-00.000000011000, -20.40000,
,,,-00.000000010800, -20.40000,
,,,-00.000000010600, -20.80000,
,,,-00.000000010400, -20.80000,
,,,-00.000000010200, -20.80000,
,,,-00.000000010000, -20.80000,
,,,-00.000000009800, -21.20000,
,,,-00.000000009600, -21.20000,
,,,-00.000000009400, -21.60000,
,,,-00.000000009200, -21.60000,
,,,-00.000000009000, -21.60000,
,,,-00.000000008800, -22.00000,
,,,-00.000000008600, -22.00000,
,,,-00.000000008400, -22.00000,
,,,-00.000000008200, -22.00000,
,,,-00.000000008000, -22.00000,
,,,-00.000000007800, -22.00000,
,,,-00.000000007600, -22.40000,
,,,-00.000000007400, -22.40000,
,,,-00.000000007200, -22.00000,
,,,-00.000000007000, -22.00000,
,,,-00.000000006800, -22.00000,
,,,-00.000000006600, -22.00000,
,,,-00.000000006400, -22.00000,
,,,-00.000000006200, -22.00000,
,,,-00.000000006000, -21.60000,
,,,-00.000000005800, -21.60000,
,,,-00.000000005600, -21.60000,
,,,-00.000000005400, -21.20000,
,,,-00.000000005200, -21.20000,
,,,-00.000000005000, -20.80000,
,,,-00.000000004800, -20.80000,
,,,-00.000000004600, -20.80000,
,,,-00.000000004400, -20.40000,
,,,-00.000000004200, -20.40000,
,,,-00.000000004000, -20.00000,
,,,-00.000000003800, -20.00000,
,,,-00.000000003600, -19.60000,
,,,-00.000000003400, -19.20000,
,,,-00.000000003200, -18.80000,
,,,-00.000000003000, -18.40000,
,,,-00.000000002800, -18.00000,
,,,-00.000000002600, -17.60000,
,,,-00.000000002400, -16.80000,
,,,-00.000000002200, -16.40000,
,,,-00.000000002000, -15.60000,
,,,-00.000000001800, -15.20000,
,,,-00.000000001600, -14.40000,
,,,-00.000000001400, -14.00000,
,,,-00.000000001200, -13.20000,
,,,-00.000000001000, -12.40000,
,,,-00.000000000800, -12.00000,
,,,-00.000000000600, -11.60000,
,,,-00.000000000400, -10.80000,
,,,-00.000000000200, -10.40000,
,,,-00.000000000000,  -9.60000,
,,,00.000000000200,  -9.20000,
,,,00.000000000400,  -8.40000,
,,,00.000000000600,  -8.00000,
,,,00.000000000800,  -7.20000,
,,,00.000000001000,  -6.40000,
,,,00.000000001200,  -6.00000,
,,,00.000000001400,  -5.20000,
,,,00.000000001600,  -4.80000,
,,,00.000000001800,  -4.40000,
,,,00.000000002000,  -3.60000,
,,,00.000000002200,  -3.20000,
,,,00.000000002400,  -2.80000,
,,,00.000000002600,  -2.80000,
,,,00.000000002800,  -2.40000,
,,,00.000000003000,  -2.00000,
,,,00.000000003200,  -2.00000,
,,,00.000000003400,  -2.00000,
,,,00.000000003600,  -2.00000,
,,,00.000000003800,  -2.00000,
,,,00.000000004000,  -2.00000,
,,,00.000000004200,  -2.00000,
,,,00.000000004400,  -2.00000,
,,,00.000000004600,  -2.40000,
,,,00.000000004800,  -2.40000,
,,,00.000000005000,  -2.40000,
,,,00.000000005200,  -2.80000,
,,,00.000000005400,  -3.20000,
,,,00.000000005600,  -4.00000,
,,,00.000000005800,  -4.40000,
,,,00.000000006000,  -4.80000,
,,,00.000000006200,  -5.60000,
,,,00.000000006400,  -6.00000,
,,,00.000000006600,  -6.80000,
,,,00.000000006800,  -7.60000,
,,,00.000000007000,  -8.00000,
,,,00.000000007200,  -8.80000,
,,,00.000000007400,  -9.20000,
,,,00.000000007600, -10.00000,
,,,00.000000007800, -10.40000,
,,,00.000000008000, -10.80000,
,,,00.000000008200, -11.60000,
,,,00.000000008400, -12.40000,
,,,00.000000008600, -12.80000,
,,,00.000000008800, -13.60000,
,,,00.000000009000, -14.00000,
,,,00.000000009200, -14.80000,
,,,00.000000009400, -15.20000,
,,,00.000000009600, -16.00000,
,,,00.000000009800, -16.40000,
,,,00.000000010000, -16.80000,
,,,00.000000010200, -17.60000,
,,,00.000000010400, -18.00000,
,,,00.000000010600, -18.40000,
,,,00.000000010800, -18.80000,
,,,00.000000011000, -18.80000,
,,,00.000000011200, -19.20000,
,,,00.000000011400, -19.60000,
,,,00.000000011600, -19.60000,
,,,00.000000011800, -20.00000,
,,,00.000000012000, -20.00000,
,,,00.000000012200, -20.40000,
,,,00.000000012400, -20.40000,
,,,00.000000012600, -20.80000,
,,,00.000000012800, -20.80000,
,,,00.000000013000, -20.80000,
,,,00.000000013200, -21.20000,
,,,00.000000013400, -21.20000,
,,,00.000000013600, -21.20000,
,,,00.000000013800, -21.20000,
,,,00.000000014000, -21.20000,
,,,00.000000014200, -21.20000,
,,,00.000000014400, -21.60000,
,,,00.000000014600, -21.60000,
,,,00.000000014800, -21.20000,
,,,00.000000015000, -21.20000,
,,,00.000000015200, -21.20000,
,,,00.000000015400, -21.20000,
,,,00.000000015600, -21.20000,
,,,00.000000015800, -21.20000,
,,,00.000000016000, -20.80000,
,,,00.000000016200, -20.80000,
,,,00.000000016400, -20.80000,
,,,00.000000016600, -20.80000,
,,,00.000000016800, -20.80000,
,,,00.000000017000, -20.80000,
,,,00.000000017200, -20.80000,
,,,00.000000017400, -20.80000,
,,,00.000000017600, -20.80000,
,,,00.000000017800, -20.80000,
,,,00.000000018000, -20.80000,
,,,00.000000018200, -20.80000,
,,,00.000000018400, -20.80000,
,,,00.000000018600, -20.80000,
,,,00.000000018800, -20.80000,
,,,00.000000019000, -20.40000,
,,,00.000000019200, -20.40000,
,,,00.000000019400, -20.40000,
,,,00.000000019600, -20.40000,
,,,00.000000019800, -20.00000,
,,,00.000000020000, -20.00000,
,,,00.000000020200, -20.40000,
,,,00.000000020400, -20.40000,
,,,00.000000020600, -20.80000,
,,,00.000000020800, -20.80000,
,,,00.000000021000, -20.80000,
,,,00.000000021200, -20.80000,
,,,00.000000021400, -20.80000,
,,,00.000000021600, -20.80000,
,,,00.000000021800, -20.80000,
,,,00.000000022000, -20.80000,
,,,00.000000022200, -21.20000,
,,,00.000000022400, -21.20000,
,,,00.000000022600, -21.20000,
,,,00.000000022800, -21.20000,
,,,00.000000023000, -21.20000,
,,,00.000000023200, -21.20000,
,,,00.000000023400, -21.20000,
,,,00.000000023600, -21.20000,
,,,00.000000023800, -21.20000,
,,,00.000000024000, -20.80000,
,,,00.000000024200, -20.80000,
,,,00.000000024400, -20.80000,
,,,00.000000024600, -20.80000,
,,,00.000000024800, -20.80000,
,,,00.000000025000, -20.80000,
,,,00.000000025200, -21.20000,
,,,00.000000025400, -21.20000,
,,,00.000000025600, -21.20000,
,,,00.000000025800, -21.20000,
,,,00.000000026000, -21.20000,
,,,00.000000026200, -21.20000,
,,,00.000000026400, -21.20000,
,,,00.000000026600, -21.20000,
,,,00.000000026800, -21.20000,
,,,00.000000027000, -21.20000,
,,,00.000000027200, -21.20000,
,,,00.000000027400, -21.20000,
,,,00.000000027600, -21.20000,
,,,00.000000027800, -21.20000,
,,,00.000000028000, -21.20000,
,,,00.000000028200, -21.20000,
,,,00.000000028400, -21.20000,
,,,00.000000028600, -21.20000,
,,,00.000000028800, -21.20000,
,,,00.000000029000, -21.20000,
,,,00.000000029200, -21.20000,
,,,00.000000029400, -21.20000,
,,,00.000000029600, -21.20000,
,,,00.000000029800, -21.20000,
,,,00.000000030000, -20.80000,
,,,00.000000030200, -20.80000,
,,,00.000000030400, -20.80000,
,,,00.000000030600, -20.80000,
,,,00.000000030800, -20.40000,
,,,00.000000031000, -20.40000,
,,,00.000000031200, -20.80000,
,,,00.000000031400, -20.80000,
,,,00.000000031600, -20.80000,
,,,00.000000031800, -20.80000,
,,,00.000000032000, -20.80000,
,,,00.000000032200, -20.80000,
,,,00.000000032400, -20.80000,
,,,00.000000032600, -20.80000,
,,,00.000000032800, -20.80000,
,,,00.000000033000, -20.80000,
,,,00.000000033200, -20.80000,
,,,00.000000033400, -20.80000,
,,,00.000000033600, -20.80000,
,,,00.000000033800, -20.80000,
,,,00.000000034000, -20.80000,
,,,00.000000034200, -20.80000,
,,,00.000000034400, -20.80000,
,,,00.000000034600, -20.80000,
,,,00.000000034800, -20.80000,
,,,00.000000035000, -20.80000,
,,,00.000000035200, -20.80000,
,,,00.000000035400, -20.80000,
,,,00.000000035600, -20.80000,
,,,00.000000035800, -20.80000,
,,,00.000000036000, -20.80000,
,,,00.000000036200, -21.20000,
,,,00.000000036400, -21.20000,
,,,00.000000036600, -21.20000,
,,,00.000000036800, -21.20000,
,,,00.000000037000, -21.20000,
,,,00.000000037200, -21.60000,
,,,00.000000037400, -21.60000,
,,,00.000000037600, -21.60000,
,,,00.000000037800, -21.60000,
,,,00.000000038000, -21.20000,
,,,00.000000038200, -21.20000,
,,,00.000000038400, -21.20000,
,,,00.000000038600, -20.80000,
,,,00.000000038800, -20.80000,
,,,00.000000039000, -20.40000,
,,,00.000000039200, -20.40000,
,,,00.000000039400, -20.40000,
,,,00.000000039600, -20.40000,
,,,00.000000039800, -20.40000,
,,,00.000000040000, -20.40000,
,,,00.000000040200, -20.40000,
,,,00.000000040400, -20.40000,
,,,00.000000040600, -20.40000,
,,,00.000000040800, -20.40000,
,,,00.000000041000, -20.40000,
,,,00.000000041200, -20.80000,
,,,00.000000041400, -20.80000,
,,,00.000000041600, -20.80000,
,,,00.000000041800, -20.80000,
,,,00.000000042000, -20.80000,
,,,00.000000042200, -20.80000,
,,,00.000000042400, -20.80000,
,,,00.000000042600, -20.80000,
,,,00.000000042800, -20.80000,
,,,00.000000043000, -20.80000,
,,,00.000000043200, -21.20000,
,,,00.000000043400, -21.20000,
,,,00.000000043600, -21.20000,
,,,00.000000043800, -21.20000,
,,,00.000000044000, -21.20000,
,,,00.000000044200, -21.20000,
,,,00.000000044400, -21.20000,
,,,00.000000044600, -21.20000,
,,,00.000000044800, -21.20000,
,,,00.000000045000, -20.80000,
,,,00.000000045200, -20.80000,
,,,00.000000045400, -20.80000,
,,,00.000000045600, -20.80000,
,,,00.000000045800, -20.80000,
,,,00.000000046000, -20.80000,
,,,00.000000046200, -21.20000,
,,,00.000000046400, -21.20000,
,,,00.000000046600, -21.20000,
,,,00.000000046800, -21.20000,
,,,00.000000047000, -21.20000,
,,,00.000000047200, -21.20000,
,,,00.000000047400, -21.20000,
,,,00.000000047600, -21.20000,
,,,00.000000047800, -21.20000,
,,,00.000000048000, -20.80000,
,,,00.000000048200, -20.80000,
,,,00.000000048400, -20.80000,
,,,00.000000048600, -20.80000,
,,,00.000000048800, -20.80000,
,,,00.000000049000, -20.80000,
,,,00.000000049200, -21.20000,
,,,00.000000049400, -21.20000,
,,,00.000000049600, -21.20000,
,,,00.000000049800, -21.20000,
,,,00.000000050000, -21.20000,
,,,00.000000050200, -21.20000,
,,,00.000000050400, -21.60000,
,,,00.000000050600, -21.60000,
,,,00.000000050800, -21.20000,
,,,00.000000051000, -21.20000,
,,,00.000000051200, -21.20000,
,,,00.000000051400, -21.20000,
,,,00.000000051600, -21.20000,
,,,00.000000051800, -21.20000,
,,,00.000000052000, -20.80000,
,,,00.000000052200, -21.20000,
,,,00.000000052400, -21.20000,
,,,00.000000052600, -21.20000,
,,,00.000000052800, -21.20000,
,,,00.000000053000, -21.20000,
,,,00.000000053200, -21.20000,
,,,00.000000053400, -21.20000,
,,,00.000000053600, -21.20000,
,,,00.000000053800, -21.20000,
,,,00.000000054000, -20.80000,
,,,00.000000054200, -20.80000,
,,,00.000000054400, -20.80000,
,,,00.000000054600, -20.80000,
,,,00.000000054800, -20.80000,
,,,00.000000055000, -20.80000,
,,,00.000000055200, -21.20000,
,,,00.000000055400, -21.20000,
,,,00.000000055600, -21.20000,
,,,00.000000055800, -21.20000,
,,,00.000000056000, -21.20000,
,,,00.000000056200, -21.20000,
,,,00.000000056400, -21.60000,
,,,00.000000056600, -21.60000,
,,,00.000000056800, -21.20000,
,,,00.000000057000, -21.20000,
,,,00.000000057200, -21.20000,
,,,00.000000057400, -21.20000,
,,,00.000000057600, -21.20000,
,,,00.000000057800, -21.20000,
,,,00.000000058000, -20.80000,
,,,00.000000058200, -21.20000,
,,,00.000000058400, -21.20000,
,,,00.000000058600, -21.20000,
,,,00.000000058800, -21.20000,
,,,00.000000059000, -21.20000,
,,,00.000000059200, -21.20000,
,,,00.000000059400, -21.60000,
,,,00.000000059600, -21.60000,
,,,00.000000059800, -21.20000,
,,,00.000000060000, -21.20000,
,,,00.000000060200, -21.20000,
,,,00.000000060400, -21.20000,
,,,00.000000060600, -21.20000,
,,,00.000000060800, -21.20000,
,,,00.000000061000, -20.80000,
,,,00.000000061200, -20.80000,
,,,00.000000061400, -20.80000,
,,,00.000000061600, -20.80000,
,,,00.000000061800, -20.80000,
,,,00.000000062000, -20.80000,
,,,00.000000062200, -20.80000,
,,,00.000000062400, -20.80000,
,,,00.000000062600, -20.80000,
,,,00.000000062800, -20.80000,
,,,00.000000063000, -20.80000,
,,,00.000000063200, -21.20000,
,,,00.000000063400, -21.20000,
,,,00.000000063600, -21.20000,
,,,00.000000063800, -21.20000,
,,,00.000000064000, -21.20000,
,,,00.000000064200, -21.20000,
,,,00.000000064400, -21.20000,
,,,00.000000064600, -21.20000,
,,,00.000000064800, -21.20000,
,,,00.000000065000, -20.80000,
,,,00.000000065200, -21.20000,
,,,00.000000065400, -21.20000,
,,,00.000000065600, -21.20000,
,,,00.000000065800, -21.20000,
,,,00.000000066000, -21.20000,
,,,00.000000066200, -21.20000,
,,,00.000000066400, -21.60000,
,,,00.000000066600, -21.60000,
,,,00.000000066800, -21.20000,
,,,00.000000067000, -21.20000,
,,,00.000000067200, -21.20000,
,,,00.000000067400, -21.20000,
,,,00.000000067600, -21.20000,
,,,00.000000067800, -21.20000,
,,,00.000000068000, -20.80000,
,,,00.000000068200, -21.20000,
,,,00.000000068400, -21.20000,
,,,00.000000068600, -21.20000,
,,,00.000000068800, -21.20000,
,,,00.000000069000, -21.20000,
,,,00.000000069200, -21.20000,
,,,00.000000069400, -21.20000,
,,,00.000000069600, -21.20000,
,,,00.000000069800, -21.20000,
,,,00.000000070000, -20.80000,
,,,00.000000070200, -20.80000,
,,,00.000000070400, -20.80000,
,,,00.000000070600, -20.80000,
,,,00.000000070800, -20.80000,
,,,00.000000071000, -20.80000,
,,,00.000000071200, -20.80000,
,,,00.000000071400, -20.80000,
,,,00.000000071600, -20.80000,
,,,00.000000071800, -20.80000,
,,,00.000000072000, -20.40000,
,,,00.000000072200, -20.40000,
,,,00.000000072400, -20.40000,
,,,00.000000072600, -20.40000,
,,,00.000000072800, -20.40000,
,,,00.000000073000, -20.40000,
,,,00.000000073200, -20.80000,
,,,00.000000073400, -20.80000,
,,,00.000000073600, -21.20000,
,,,00.000000073800, -21.20000,
,,,00.000000074000, -21.20000,
,,,00.000000074200, -21.60000,
,,,00.000000074400, -21.60000,
,,,00.000000074600, -21.60000,
,,,00.000000074800, -21.60000,
,,,00.000000075000, -21.20000,
,,,00.000000075200, -21.20000,
,,,00.000000075400, -21.20000,
,,,00.000000075600, -21.20000,
,,,00.000000075800, -21.20000,
,,,00.000000076000, -20.80000,
,,,00.000000076200, -20.80000,
,,,00.000000076400, -20.80000,
,,,00.000000076600, -20.80000,
,,,00.000000076800, -20.80000,
,,,00.000000077000, -20.40000,
,,,00.000000077200, -20.40000,
,,,00.000000077400, -20.40000,
,,,00.000000077600, -20.40000,
,,,00.000000077800, -20.40000,
,,,00.000000078000, -20.40000,
,,,00.000000078200, -20.80000,
,,,00.000000078400, -20.80000,
,,,00.000000078600, -20.80000,
,,,00.000000078800, -20.80000,
,,,00.000000079000, -20.80000,
,,,00.000000079200, -20.80000,
,,,00.000000079400, -21.20000,
,,,00.000000079600, -21.20000,
,,,00.000000079800, -20.80000,
,,,00.000000080000, -20.80000,
,,,00.000000080200, -20.80000,
,,,00.000000080400, -20.80000,
,,,00.000000080600, -20.80000,
,,,00.000000080800, -20.80000,
,,,00.000000081000, -20.40000,
,,,00.000000081200, -20.40000,
,,,00.000000081400, -20.40000,
,,,00.000000081600, -20.40000,
,,,00.000000081800, -20.40000,
,,,00.000000082000, -20.40000,
,,,00.000000082200, -20.80000,
,,,00.000000082400, -20.80000,
,,,00.000000082600, -21.20000,
,,,00.000000082800, -21.20000,
,,,00.000000083000, -21.20000,
,,,00.000000083200, -21.60000,
,,,00.000000083400, -21.60000,
,,,00.000000083600, -21.60000,
,,,00.000000083800, -21.60000,
,,,00.000000084000, -21.20000,
,,,00.000000084200, -21.20000,
,,,00.000000084400, -21.20000,
,,,00.000000084600, -21.20000,
,,,00.000000084800, -21.20000,
,,,00.000000085000, -20.80000,
,,,00.000000085200, -20.80000,
,,,00.000000085400, -20.80000,
,,,00.000000085600, -20.80000,
,,,00.000000085800, -20.80000,
,,,00.000000086000, -20.40000,
,,,00.000000086200, -20.40000,
,,,00.000000086400, -20.40000,
,,,00.000000086600, -20.40000,
,,,00.000000086800, -20.40000,
,,,00.000000087000, -20.40000,
,,,00.000000087200, -20.80000,
,,,00.000000087400, -20.80000,
,,,00.000000087600, -20.80000,
,,,00.000000087800, -20.80000,
,,,00.000000088000, -20.80000,
,,,00.000000088200, -20.80000,
,,,00.000000088400, -20.80000,
,,,00.000000088600, -20.80000,
,,,00.000000088800, -20.80000,
,,,00.000000089000, -20.80000,
,,,00.000000089200, -20.80000,
,,,00.000000089400, -20.80000,
,,,00.000000089600, -20.80000,
,,,00.000000089800, -20.80000,
,,,00.000000090000, -20.80000,
,,,00.000000090200, -20.80000,
,,,00.000000090400, -20.80000,
,,,00.000000090600, -20.80000,
,,,00.000000090800, -20.80000,
,,,00.000000091000, -20.80000,
,,,00.000000091200, -21.20000,
,,,00.000000091400, -21.20000,
,,,00.000000091600, -21.20000,
,,,00.000000091800, -21.20000,
,,,00.000000092000, -21.20000,
,,,00.000000092200, -21.20000,
,,,00.000000092400, -21.60000,
,,,00.000000092600, -21.60000,
,,,00.000000092800, -21.20000,
,,,00.000000093000, -21.20000,
,,,00.000000093200, -21.20000,
,,,00.000000093400, -21.20000,
,,,00.000000093600, -21.20000,
,,,00.000000093800, -21.20000,
,,,00.000000094000, -20.80000,
,,,00.000000094200, -20.80000,
,,,00.000000094400, -20.80000,
,,,00.000000094600, -20.80000,
,,,00.000000094800, -20.80000,
,,,00.000000095000, -20.80000,
,,,00.000000095200, -20.80000,
,,,00.000000095400, -20.80000,
,,,00.000000095600, -20.80000,
,,,00.000000095800, -20.80000,
,,,00.000000096000, -20.40000,
,,,00.000000096200, -20.80000,
,,,00.000000096400, -20.80000,
,,,00.000000096600, -20.80000,
,,,00.000000096800, -20.80000,
,,,00.000000097000, -20.80000,
,,,00.000000097200, -20.80000,
,,,00.000000097400, -20.80000,
,,,00.000000097600, -20.80000,
,,,00.000000097800, -20.80000,
,,,00.000000098000, -20.40000,
,,,00.000000098200, -20.80000,
,,,00.000000098400, -20.80000,
,,,00.000000098600, -20.80000,
,,,00.000000098800, -20.80000,
,,,00.000000099000, -20.80000,
,,,00.000000099200, -20.80000,
,,,00.000000099400, -20.80000,
,,,00.000000099600, -20.40000,
,,,00.000000099800, -20.40000,
,,,00.000000100000, -20.00000,
,,,00.000000100200, -20.00000,
,,,00.000000100400, -20.00000,
,,,00.000000100600, -19.60000,
,,,00.000000100800, -19.60000,
,,,00.000000101000, -19.20000,
,,,00.000000101200, -19.20000,
,,,00.000000101400, -19.20000,
,,,00.000000101600, -19.20000,
,,,00.000000101800, -19.20000,
,,,00.000000102000, -18.80000,
,,,00.000000102200, -18.80000,
,,,00.000000102400, -18.80000,
,,,00.000000102600, -18.80000,
,,,00.000000102800, -18.80000,
,,,00.000000103000, -18.40000,
,,,00.000000103200, -18.40000,
,,,00.000000103400, -18.40000,
,,,00.000000103600, -18.40000,
,,,00.000000103800, -18.00000,
,,,00.000000104000, -18.00000,
,,,00.000000104200, -18.40000,
,,,00.000000104400, -18.40000,
,,,00.000000104600, -18.40000,
,,,00.000000104800, -18.40000,
,,,00.000000105000, -18.40000,
,,,00.000000105200, -18.40000,
,,,00.000000105400, -18.40000,
,,,00.000000105600, -18.40000,
,,,00.000000105800, -18.40000,
,,,00.000000106000, -18.00000,
,,,00.000000106200, -18.00000,
,,,00.000000106400, -18.00000,
,,,00.000000106600, -18.00000,
,,,00.000000106800, -18.00000,
,,,00.000000107000, -18.00000,
,,,00.000000107200, -18.00000,
,,,00.000000107400, -18.40000,
,,,00.000000107600, -18.40000,
,,,00.000000107800, -18.40000,
,,,00.000000108000, -18.40000,
,,,00.000000108200, -18.80000,
,,,00.000000108400, -18.80000,
,,,00.000000108600, -19.20000,
,,,00.000000108800, -19.20000,
,,,00.000000109000, -19.20000,
,,,00.000000109200, -19.60000,
,,,00.000000109400, -19.60000,
,,,00.000000109600, -19.60000,
,,,00.000000109800, -19.60000,
,,,00.000000110000, -19.60000,
,,,00.000000110200, -19.60000,
,,,00.000000110400, -19.60000,
,,,00.000000110600, -19.60000,
,,,00.000000110800, -19.60000,
,,,00.000000111000, -19.60000,
,,,00.000000111200, -19.60000,
,,,00.000000111400, -20.00000,
,,,00.000000111600, -20.00000,
,,,00.000000111800, -20.00000,
,,,00.000000112000, -20.00000,
,,,00.000000112200, -20.40000,
,,,00.000000112400, -20.40000,
,,,00.000000112600, -20.80000,
,,,00.000000112800, -20.80000,
,,,00.000000113000, -20.80000,
,,,00.000000113200, -20.80000,
,,,00.000000113400, -21.20000,
,,,00.000000113600, -20.80000,
,,,00.000000113800, -20.80000,
,,,00.000000114000, -20.80000,
,,,00.000000114200, -20.80000,
,,,00.000000114400, -20.80000,
,,,00.000000114600, -20.80000,
,,,00.000000114800, -20.80000,
,,,00.000000115000, -20.80000,
,,,00.000000115200, -20.80000,
,,,00.000000115400, -20.80000,
,,,00.000000115600, -20.80000,
,,,00.000000115800, -20.80000,
,,,00.000000116000, -20.80000,
,,,00.000000116200, -20.80000,
,,,00.000000116400, -20.80000,
,,,00.000000116600, -20.80000,
,,,00.000000116800, -20.80000,
,,,00.000000117000, -20.80000,
,,,00.000000117200, -20.80000,
,,,00.000000117400, -20.80000,
,,,00.000000117600, -20.80000,
,,,00.000000117800, -20.80000,
,,,00.000000118000, -20.40000,
,,,00.000000118200, -20.80000,
,,,00.000000118400, -20.80000,
,,,00.000000118600, -20.80000,
,,,00.000000118800, -20.80000,
,,,00.000000119000, -20.80000,
,,,00.000000119200, -20.80000,
,,,00.000000119400, -20.80000,
,,,00.000000119600, -20.80000,
,,,00.000000119800, -20.80000,
,,,00.000000120000, -20.80000,
,,,00.000000120200, -20.80000,
,,,00.000000120400, -20.80000,
,,,00.000000120600, -20.80000,
,,,00.000000120800, -20.80000,
,,,00.000000121000, -20.80000,
,,,00.000000121200, -20.80000,
,,,00.000000121400, -20.80000,
,,,00.000000121600, -20.80000,
,,,00.000000121800, -20.80000,
,,,00.000000122000, -20.80000,
,,,00.000000122200, -20.80000,
,,,00.000000122400, -20.80000,
,,,00.000000122600, -20.80000,
,,,00.000000122800, -20.80000,
,,,00.000000123000, -20.80000,
,,,00.000000123200, -20.80000,
,,,00.000000123400, -20.80000,
,,,00.000000123600, -20.80000,
,,,00.000000123800, -20.80000,
,,,00.000000124000, -20.40000,
,,,00.000000124200, -20.40000,
,,,00.000000124400, -20.40000,
,,,00.000000124600, -20.40000,
,,,00.000000124800, -20.40000,
,,,00.000000125000, -20.40000,
,,,00.000000125200, -20.80000,
,,,00.000000125400, -20.80000,
,,,00.000000125600, -20.80000,
,,,00.000000125800, -20.80000,
,,,00.000000126000, -20.80000,
,,,00.000000126200, -20.80000,
,,,00.000000126400, -20.80000,
,,,00.000000126600, -20.80000,
,,,00.000000126800, -20.80000,
,,,00.000000127000, -20.80000,
,,,00.000000127200, -20.80000,
,,,00.000000127400, -20.80000,
,,,00.000000127600, -20.80000,
,,,00.000000127800, -20.80000,
,,,00.000000128000, -20.80000,
,,,00.000000128200, -20.80000,
,,,00.000000128400, -20.80000,
,,,00.000000128600, -20.80000,
,,,00.000000128800, -20.80000,
,,,00.000000129000, -20.80000,
,,,00.000000129200, -20.80000,
,,,00.000000129400, -20.80000,
,,,00.000000129600, -20.80000,
,,,00.000000129800, -20.80000,
,,,00.000000130000, -20.80000,
,,,00.000000130200, -21.20000,
,,,00.000000130400, -21.20000,
,,,00.000000130600, -21.20000,
,,,00.000000130800, -21.20000,
,,,00.000000131000, -21.20000,
,,,00.000000131200, -21.20000,
,,,00.000000131400, -21.20000,
,,,00.000000131600, -21.20000,
,,,00.000000131800, -21.20000,
,,,00.000000132000, -20.80000,
,,,00.000000132200, -21.20000,
,,,00.000000132400, -21.20000,
,,,00.000000132600, -21.20000,
,,,00.000000132800, -21.20000,
,,,00.000000133000, -21.20000,
,,,00.000000133200, -21.20000,
,,,00.000000133400, -21.20000,
,,,00.000000133600, -21.20000,
,,,00.000000133800, -21.20000,
,,,00.000000134000, -20.80000,
,,,00.000000134200, -20.80000,
,,,00.000000134400, -20.80000,
,,,00.000000134600, -20.80000,
,,,00.000000134800, -20.80000,
,,,00.000000135000, -20.80000,
,,,00.000000135200, -21.20000,
,,,00.000000135400, -21.20000,
,,,00.000000135600, -21.20000,
,,,00.000000135800, -21.20000,
,,,00.000000136000, -21.20000,
,,,00.000000136200, -21.20000,
,,,00.000000136400, -21.20000,
,,,00.000000136600, -21.20000,
,,,00.000000136800, -21.20000,
,,,00.000000137000, -20.80000,
,,,00.000000137200, -20.80000,
,,,00.000000137400, -20.80000,
,,,00.000000137600, -20.80000,
,,,00.000000137800, -20.80000,
,,,00.000000138000, -20.80000,
,,,00.000000138200, -20.80000,
,,,00.000000138400, -20.80000,
,,,00.000000138600, -20.80000,
,,,00.000000138800, -20.80000,
,,,00.000000139000, -20.80000,
,,,00.000000139200, -21.20000,
,,,00.000000139400, -21.20000,
,,,00.000000139600, -21.20000,
,,,00.000000139800, -21.20000,
,,,00.000000140000, -21.20000,
,,,00.000000140200, -21.20000,
,,,00.000000140400, -21.20000,
,,,00.000000140600, -21.20000,
,,,00.000000140800, -21.20000,
,,,00.000000141000, -20.80000,
,,,00.000000141200, -20.80000,
,,,00.000000141400, -20.80000,
,,,00.000000141600, -20.80000,
,,,00.000000141800, -20.80000,
,,,00.000000142000, -20.80000,
,,,00.000000142200, -21.20000,
,,,00.000000142400, -21.20000,
,,,00.000000142600, -21.20000,
,,,00.000000142800, -21.20000,
,,,00.000000143000, -21.20000,
,,,00.000000143200, -21.20000,
,,,00.000000143400, -21.20000,
,,,00.000000143600, -21.20000,
,,,00.000000143800, -21.20000,
,,,00.000000144000, -20.80000,
,,,00.000000144200, -21.20000,
,,,00.000000144400, -21.20000,
,,,00.000000144600, -21.20000,
,,,00.000000144800, -21.20000,
,,,00.000000145000, -21.20000,
,,,00.000000145200, -21.20000,
,,,00.000000145400, -21.20000,
,,,00.000000145600, -21.20000,
,,,00.000000145800, -21.20000,
,,,00.000000146000, -20.80000,
,,,00.000000146200, -20.80000,
,,,00.000000146400, -20.80000,
,,,00.000000146600, -20.80000,
,,,00.000000146800, -20.80000,
,,,00.000000147000, -20.80000,
,,,00.000000147200, -21.20000,
,,,00.000000147400, -21.20000,
,,,00.000000147600, -21.20000,
,,,00.000000147800, -21.20000,
,,,00.000000148000, -21.20000,
,,,00.000000148200, -21.20000,
,,,00.000000148400, -21.60000,
,,,00.000000148600, -21.60000,
,,,00.000000148800, -21.20000,
,,,00.000000149000, -21.20000,
,,,00.000000149200, -21.20000,
,,,00.000000149400, -21.20000,
,,,00.000000149600, -21.20000,
,,,00.000000149800, -21.20000,
,,,00.000000150000, -20.80000,
,,,00.000000150200, -20.80000,
,,,00.000000150400, -20.80000,
,,,00.000000150600, -20.80000,
,,,00.000000150800, -20.80000,
,,,00.000000151000, -20.80000,
,,,00.000000151200, -20.80000,
,,,00.000000151400, -20.80000,
,,,00.000000151600, -20.80000,
,,,00.000000151800, -20.80000,
,,,00.000000152000, -20.80000,
,,,00.000000152200, -20.80000,
,,,00.000000152400, -20.80000,
,,,00.000000152600, -20.80000,
,,,00.000000152800, -20.80000,
,,,00.000000153000, -20.80000,
,,,00.000000153200, -20.80000,
,,,00.000000153400, -20.80000,
,,,00.000000153600, -20.80000,
,,,00.000000153800, -20.80000,
,,,00.000000154000, -20.80000,
,,,00.000000154200, -20.80000,
,,,00.000000154400, -20.80000,
,,,00.000000154600, -20.80000,
,,,00.000000154800, -20.80000,
,,,00.000000155000, -20.80000,
,,,00.000000155200, -21.20000,
,,,00.000000155400, -21.20000,
,,,00.000000155600, -21.20000,
,,,00.000000155800, -21.20000,
,,,00.000000156000, -21.20000,
,,,00.000000156200, -21.20000,
,,,00.000000156400, -21.20000,
,,,00.000000156600, -21.20000,
,,,00.000000156800, -21.20000,
,,,00.000000157000, -20.80000,
,,,00.000000157200, -20.80000,
,,,00.000000157400, -20.80000,
,,,00.000000157600, -20.80000,
,,,00.000000157800, -20.40000,
,,,00.000000158000, -20.40000,
,,,00.000000158200, -20.40000,
,,,00.000000158400, -20.80000,
,,,00.000000158600, -20.80000,
,,,00.000000158800, -20.80000,
,,,00.000000159000, -20.80000,
,,,00.000000159200, -21.20000,
,,,00.000000159400, -21.20000,
,,,00.000000159600, -21.20000,
,,,00.000000159800, -21.20000,
,,,00.000000160000, -21.20000,
,,,00.000000160200, -21.20000,
,,,00.000000160400, -21.60000,
,,,00.000000160600, -21.60000,
,,,00.000000160800, -21.20000,
,,,00.000000161000, -21.20000,
,,,00.000000161200, -21.20000,
,,,00.000000161400, -21.20000,
,,,00.000000161600, -21.20000,
,,,00.000000161800, -21.20000,
,,,00.000000162000, -20.80000,
,,,00.000000162200, -21.20000,
,,,00.000000162400, -21.20000,
,,,00.000000162600, -21.20000,
,,,00.000000162800, -21.20000,
,,,00.000000163000, -21.20000,
,,,00.000000163200, -21.20000,
,,,00.000000163400, -21.60000,
,,,00.000000163600, -21.60000,
,,,00.000000163800, -21.20000,
,,,00.000000164000, -21.20000,
,,,00.000000164200, -21.20000,
,,,00.000000164400, -21.20000,
,,,00.000000164600, -21.20000,
,,,00.000000164800, -21.20000,
,,,00.000000165000, -20.80000,
,,,00.000000165200, -21.20000,
,,,00.000000165400, -21.20000,
,,,00.000000165600, -21.20000,
,,,00.000000165800, -21.20000,
,,,00.000000166000, -21.20000,
,,,00.000000166200, -21.20000,
,,,00.000000166400, -21.20000,
,,,00.000000166600, -21.20000,
,,,00.000000166800, -21.20000,
,,,00.000000167000, -20.80000,
,,,00.000000167200, -21.20000,
,,,00.000000167400, -21.20000,
,,,00.000000167600, -21.20000,
,,,00.000000167800, -21.20000,
,,,00.000000168000, -21.20000,
,,,00.000000168200, -21.20000,
,,,00.000000168400, -21.20000,
,,,00.000000168600, -21.20000,
,,,00.000000168800, -21.20000,
,,,00.000000169000, -20.80000,
,,,00.000000169200, -20.80000,
,,,00.000000169400, -20.80000,
,,,00.000000169600, -20.80000,
,,,00.000000169800, -20.80000,
,,,00.000000170000, -20.40000,
,,,00.000000170200, -20.40000,
,,,00.000000170400, -20.40000,
,,,00.000000170600, -20.40000,
,,,00.000000170800, -20.40000,
,,,00.000000171000, -20.40000,
,,,00.000000171200, -20.80000,
,,,00.000000171400, -20.80000,
,,,00.000000171600, -20.80000,
,,,00.000000171800, -20.80000,
,,,00.000000172000, -20.80000,
,,,00.000000172200, -20.80000,
,,,00.000000172400, -20.80000,
,,,00.000000172600, -20.80000,
,,,00.000000172800, -20.80000,
,,,00.000000173000, -20.40000,
,,,00.000000173200, -20.40000,
,,,00.000000173400, -20.40000,
,,,00.000000173600, -20.40000,
,,,00.000000173800, -20.40000,
,,,00.000000174000, -20.40000,
,,,00.000000174200, -20.80000,
,,,00.000000174400, -20.80000,
,,,00.000000174600, -21.20000,
,,,00.000000174800, -21.20000,
,,,00.000000175000, -21.20000,
,,,00.000000175200, -21.20000,
,,,00.000000175400, -21.20000,
,,,00.000000175600, -21.20000,
,,,00.000000175800, -21.20000,
,,,00.000000176000, -20.80000,
,,,00.000000176200, -20.80000,
,,,00.000000176400, -20.80000,
,,,00.000000176600, -20.80000,
,,,00.000000176800, -20.80000,
,,,00.000000177000, -20.80000,
,,,00.000000177200, -20.80000,
,,,00.000000177400, -20.80000,
,,,00.000000177600, -20.80000,
,,,00.000000177800, -20.80000,
,,,00.000000178000, -20.80000,
,,,00.000000178200, -20.80000,
,,,00.000000178400, -20.80000,
,,,00.000000178600, -20.80000,
,,,00.000000178800, -20.80000,
,,,00.000000179000, -20.40000,
,,,00.000000179200, -20.40000,
,,,00.000000179400, -20.80000,
,,,00.000000179600, -20.80000,
,,,00.000000179800, -20.80000,
,,,00.000000180000, -20.80000,
,,,00.000000180200, -21.20000,
,,,00.000000180400, -21.20000,
,,,00.000000180600, -21.20000,
,,,00.000000180800, -21.20000,
,,,00.000000181000, -21.20000,
,,,00.000000181200, -21.20000,
,,,00.000000181400, -21.60000,
,,,00.000000181600, -21.60000,
,,,00.000000181800, -21.20000,
,,,00.000000182000, -21.20000,
,,,00.000000182200, -21.20000,
,,,00.000000182400, -21.20000,
,,,00.000000182600, -21.20000,
,,,00.000000182800, -21.20000,
,,,00.000000183000, -20.80000,
,,,00.000000183200, -20.80000,
,,,00.000000183400, -20.80000,
,,,00.000000183600, -20.80000,
,,,00.000000183800, -20.80000,
,,,00.000000184000, -20.80000,
,,,00.000000184200, -20.80000,
,,,00.000000184400, -20.80000,
,,,00.000000184600, -20.80000,
,,,00.000000184800, -20.80000,
,,,00.000000185000, -20.80000,
,,,00.000000185200, -20.80000,
,,,00.000000185400, -20.80000,
,,,00.000000185600, -20.80000,
,,,00.000000185800, -20.80000,
,,,00.000000186000, -20.80000,
,,,00.000000186200, -20.80000,
,,,00.000000186400, -20.80000,
,,,00.000000186600, -20.80000,
,,,00.000000186800, -20.80000,
,,,00.000000187000, -20.80000,
,,,00.000000187200, -20.80000,
,,,00.000000187400, -20.80000,
,,,00.000000187600, -20.80000,
,,,00.000000187800, -20.80000,
,,,00.000000188000, -20.80000,
,,,00.000000188200, -20.80000,
,,,00.000000188400, -20.80000,
,,,00.000000188600, -20.80000,
,,,00.000000188800, -20.80000,
,,,00.000000189000, -20.40000,
,,,00.000000189200, -20.40000,
,,,00.000000189400, -20.40000,
,,,00.000000189600, -20.40000,
,,,00.000000189800, -20.40000,
,,,00.000000190000, -20.40000,
,,,00.000000190200, -20.80000,
,,,00.000000190400, -20.80000,
,,,00.000000190600, -20.80000,
,,,00.000000190800, -20.80000,
,,,00.000000191000, -20.80000,
,,,00.000000191200, -20.80000,
,,,00.000000191400, -20.80000,
,,,00.000000191600, -20.80000,
,,,00.000000191800, -20.80000,
,,,00.000000192000, -20.80000,
,,,00.000000192200, -20.80000,
,,,00.000000192400, -20.80000,
,,,00.000000192600, -20.80000,
,,,00.000000192800, -20.80000,
,,,00.000000193000, -20.80000,
,,,00.000000193200, -21.20000,
,,,00.000000193400, -21.20000,
,,,00.000000193600, -21.20000,
,,,00.000000193800, -21.20000,
,,,00.000000194000, -21.20000,
,,,00.000000194200, -21.20000,
,,,00.000000194400, -21.20000,
,,,00.000000194600, -21.20000,
,,,00.000000194800, -21.20000,
,,,00.000000195000, -20.80000,
,,,00.000000195200, -20.80000,
,,,00.000000195400, -20.80000,
,,,00.000000195600, -20.80000,
,,,00.000000195800, -20.80000,
,,,00.000000196000, -20.80000,
,,,00.000000196200, -21.20000,
,,,00.000000196400, -21.20000,
,,,00.000000196600, -21.20000,
,,,00.000000196800, -21.20000,
,,,00.000000197000, -21.20000,
,,,00.000000197200, -21.20000,
,,,00.000000197400, -21.20000,
,,,00.000000197600, -20.80000,
,,,00.000000197800, -20.80000,
,,,00.000000198000, -20.40000,
,,,00.000000198200, -20.40000,
,,,00.000000198400, -20.40000,
,,,00.000000198600, -20.00000,
,,,00.000000198800, -20.00000,
,,,00.000000199000, -19.60000,
,,,00.000000199200, -19.60000,
,,,00.000000199400, -19.20000,
,,,00.000000199600, -19.20000,
,,,00.000000199800, -18.80000,
,,,00.000000200000, -18.40000,
,,,00.000000200200, -18.40000,
,,,00.000000200400, -18.00000,
,,,00.000000200600, -18.00000,
,,,00.000000200800, -17.60000,
,,,00.000000201000, -17.20000,
,,,00.000000201200, -16.80000,
,,,00.000000201400, -16.80000,
,,,00.000000201600, -16.00000,
,,,00.000000201800, -15.60000,
,,,00.000000202000, -15.20000,
,,,00.000000202200, -14.80000,
,,,00.000000202400, -14.40000,
,,,00.000000202600, -14.00000,
,,,00.000000202800, -13.60000,
,,,00.000000203000, -13.20000,
,,,00.000000203200, -13.20000,
,,,00.000000203400, -12.80000,
,,,00.000000203600, -12.40000,
,,,00.000000203800, -12.00000,
,,,00.000000204000, -11.60000,
,,,00.000000204200, -11.20000,
,,,00.000000204400, -11.20000,
,,,00.000000204600, -10.80000,
,,,00.000000204800, -10.40000,
,,,00.000000205000, -10.00000,
,,,00.000000205200, -10.00000,
,,,00.000000205400,  -9.60000,
,,,00.000000205600,  -9.60000,
,,,00.000000205800,  -9.60000,
,,,00.000000206000,  -9.20000,
,,,00.000000206200,  -9.20000,
,,,00.000000206400,  -9.20000,
,,,00.000000206600,  -9.20000,
,,,00.000000206800,  -8.80000,
,,,00.000000207000,  -8.80000,
,,,00.000000207200,  -8.80000,
,,,00.000000207400,  -8.80000,
,,,00.000000207600,  -8.80000,
,,,00.000000207800,  -8.80000,
,,,00.000000208000,  -8.80000,
,,,00.000000208200,  -9.20000,
,,,00.000000208400,  -9.20000,
,,,00.000000208600,  -9.60000,
,,,00.000000208800, -10.00000,
,,,00.000000209000, -10.00000,
,,,00.000000209200, -10.40000,
,,,00.000000209400, -10.80000,
,,,00.000000209600, -10.80000,
,,,00.000000209800, -11.20000,
,,,00.000000210000, -11.20000,
,,,00.000000210200, -11.60000,
,,,00.000000210400, -11.60000,
,,,00.000000210600, -12.00000,
,,,00.000000210800, -12.40000,
,,,00.000000211000, -12.40000,
,,,00.000000211200, -13.20000,
,,,00.000000211400, -13.60000,
,,,00.000000211600, -14.00000,
,,,00.000000211800, -14.40000,
,,,00.000000212000, -14.80000,
,,,00.000000212200, -15.20000,
,,,00.000000212400, -15.60000,
,,,00.000000212600, -15.60000,
,,,00.000000212800, -16.00000,
,,,00.000000213000, -16.00000,
,,,00.000000213200, -16.40000,
,,,00.000000213400, -16.80000,
,,,00.000000213600, -16.80000,
,,,00.000000213800, -17.20000,
,,,00.000000214000, -17.20000,
,,,00.000000214200, -17.60000,
,,,00.000000214400, -18.00000,
,,,00.000000214600, -18.00000,
,,,00.000000214800, -18.40000,
,,,00.000000215000, -18.40000,
,,,00.000000215200, -18.80000,
,,,00.000000215400, -18.80000,
,,,00.000000215600, -19.20000,
,,,00.000000215800, -19.20000,
,,,00.000000216000, -19.20000,
,,,00.000000216200, -19.60000,
,,,00.000000216400, -19.60000,
,,,00.000000216600, -19.60000,
,,,00.000000216800, -19.60000,
,,,00.000000217000, -19.60000,
,,,00.000000217200, -19.60000,
,,,00.000000217400, -19.60000,
,,,00.000000217600, -19.60000,
,,,00.000000217800, -19.60000,
,,,00.000000218000, -19.60000,
,,,00.000000218200, -20.00000,
,,,00.000000218400, -20.00000,
,,,00.000000218600, -20.00000,
,,,00.000000218800, -20.00000,
,,,00.000000219000, -20.00000,
,,,00.000000219200, -20.00000,
,,,00.000000219400, -20.40000,
,,,00.000000219600, -20.40000,
,,,00.000000219800, -20.00000,
,,,00.000000220000, -20.00000,
,,,00.000000220200, -20.00000,
,,,00.000000220400, -20.00000,
,,,00.000000220600, -20.00000,
,,,00.000000220800, -20.00000,
,,,00.000000221000, -19.60000,
,,,00.000000221200, -19.60000,
,,,00.000000221400, -19.60000,
,,,00.000000221600, -19.60000,
,,,00.000000221800, -19.60000,
,,,00.000000222000, -19.60000,
,,,00.000000222200, -20.00000,
,,,00.000000222400, -20.00000,
,,,00.000000222600, -20.40000,
,,,00.000000222800, -20.40000,
,,,00.000000223000, -20.40000,
,,,00.000000223200, -20.40000,
,,,00.000000223400, -20.40000,
,,,00.000000223600, -20.40000,
,,,00.000000223800, -20.40000,
,,,00.000000224000, -20.00000,
,,,00.000000224200, -20.00000,
,,,00.000000224400, -20.00000,
,,,00.000000224600, -20.00000,
,,,00.000000224800, -20.00000,
,,,00.000000225000, -20.00000,
,,,00.000000225200, -20.00000,
,,,00.000000225400, -20.00000,
,,,00.000000225600, -20.00000,
,,,00.000000225800, -20.00000,
,,,00.000000226000, -20.00000,
,,,00.000000226200, -20.00000,
,,,00.000000226400, -20.00000,
,,,00.000000226600, -20.00000,
,,,00.000000226800, -20.00000,
,,,00.000000227000, -20.00000,
,,,00.000000227200, -20.40000,
,,,00.000000227400, -20.40000,
,,,00.000000227600, -20.40000,
,,,00.000000227800, -20.40000,
,,,00.000000228000, -20.40000,
,,,00.000000228200, -20.80000,
,,,00.000000228400, -20.80000,
,,,00.000000228600, -20.80000,
,,,00.000000228800, -20.80000,
,,,00.000000229000, -20.80000,
,,,00.000000229200, -20.80000,
,,,00.000000229400, -20.80000,
,,,00.000000229600, -20.80000,
,,,00.000000229800, -20.80000,
,,,00.000000230000, -20.80000,
,,,00.000000230200, -20.80000,
,,,00.000000230400, -20.80000,
,,,00.000000230600, -20.80000,
,,,00.000000230800, -20.80000,
,,,00.000000231000, -20.80000,
,,,00.000000231200, -20.80000,
,,,00.000000231400, -20.80000,
,,,00.000000231600, -20.80000,
,,,00.000000231800, -20.80000,
,,,00.000000232000, -20.40000,
,,,00.000000232200, -20.80000,
,,,00.000000232400, -20.80000,
,,,00.000000232600, -20.80000,
,,,00.000000232800, -20.80000,
,,,00.000000233000, -20.80000,
,,,00.000000233200, -20.80000,
,,,00.000000233400, -20.80000,
,,,00.000000233600, -20.80000,
,,,00.000000233800, -20.80000,
,,,00.000000234000, -20.40000,
,,,00.000000234200, -20.40000,
,,,00.000000234400, -20.40000,
,,,00.000000234600, -20.40000,
,,,00.000000234800, -20.40000,
,,,00.000000235000, -20.40000,
,,,00.000000235200, -20.40000,
,,,00.000000235400, -20.40000,
,,,00.000000235600, -20.40000,
,,,00.000000235800, -20.40000,
,,,00.000000236000, -20.00000,
,,,00.000000236200, -20.40000,
,,,00.000000236400, -20.40000,
,,,00.000000236600, -20.40000,
,,,00.000000236800, -20.40000,
,,,00.000000237000, -20.40000,
,,,00.000000237200, -20.40000,
,,,00.000000237400, -20.40000,
,,,00.000000237600, -20.40000,
,,,00.000000237800, -20.40000,
,,,00.000000238000, -20.40000,
,,,00.000000238200, -20.80000,
,,,00.000000238400, -20.80000,
,,,00.000000238600, -20.80000,
,,,00.000000238800, -20.80000,
,,,00.000000239000, -20.80000,
,,,00.000000239200, -21.20000,
,,,00.000000239400, -21.20000,
,,,00.000000239600, -21.20000,
,,,00.000000239800, -21.20000,
,,,00.000000240000, -21.20000,
,,,00.000000240200, -21.20000,
,,,00.000000240400, -21.20000,
,,,00.000000240600, -20.80000,
,,,00.000000240800, -20.80000,
,,,00.000000241000, -20.40000,
,,,00.000000241200, -20.40000,
,,,00.000000241400, -20.40000,
,,,00.000000241600, -20.40000,
,,,00.000000241800, -20.40000,
,,,00.000000242000, -20.40000,
,,,00.000000242200, -20.40000,
,,,00.000000242400, -20.40000,
,,,00.000000242600, -20.40000,
,,,00.000000242800, -20.40000,
,,,00.000000243000, -20.40000,
,,,00.000000243200, -20.40000,
,,,00.000000243400, -20.40000,
,,,00.000000243600, -20.40000,
,,,00.000000243800, -20.40000,
,,,00.000000244000, -20.40000,
,,,00.000000244200, -20.40000,
,,,00.000000244400, -20.40000,
,,,00.000000244600, -20.40000,
,,,00.000000244800, -20.40000,
,,,00.000000245000, -20.40000,
,,,00.000000245200, -20.40000,
,,,00.000000245400, -20.40000,
,,,00.000000245600, -20.40000,
,,,00.000000245800, -20.40000,
,,,00.000000246000, -20.40000,
,,,00.000000246200, -20.80000,
,,,00.000000246400, -20.80000,
,,,00.000000246600, -20.80000,
,,,00.000000246800, -20.80000,
,,,00.000000247000, -20.80000,
,,,00.000000247200, -20.80000,
,,,00.000000247400, -21.20000,
,,,00.000000247600, -21.20000,
,,,00.000000247800, -20.80000,
,,,00.000000248000, -20.80000,
,,,00.000000248200, -20.80000,
,,,00.000000248400, -20.80000,
,,,00.000000248600, -20.80000,
,,,00.000000248800, -20.80000,
,,,00.000000249000, -20.40000,
,,,00.000000249200, -20.40000,
,,,00.000000249400, -20.40000,
,,,00.000000249600, -20.40000,
,,,00.000000249800, -20.40000,
,,,00.000000250000, -20.40000,
,,,00.000000250200, -20.80000,
,,,00.000000250400, -20.80000,
,,,00.000000250600, -20.80000,
,,,00.000000250800, -20.80000,
,,,00.000000251000, -20.80000,
,,,00.000000251200, -20.80000,
,,,00.000000251400, -20.80000,
,,,00.000000251600, -20.80000,
,,,00.000000251800, -20.80000,
,,,00.000000252000, -20.40000,
,,,00.000000252200, -20.40000,
,,,00.000000252400, -20.40000,
,,,00.000000252600, -20.40000,
,,,00.000000252800, -20.40000,
,,,00.000000253000, -20.40000,
,,,00.000000253200, -20.80000,
,,,00.000000253400, -20.80000,
,,,00.000000253600, -21.20000,
,,,00.000000253800, -21.20000,
,,,00.000000254000, -21.20000,
,,,00.000000254200, -21.60000,
,,,00.000000254400, -21.60000,
,,,00.000000254600, -21.60000,
,,,00.000000254800, -21.60000,
,,,00.000000255000, -21.20000,
,,,00.000000255200, -21.20000,
,,,00.000000255400, -21.20000,
,,,00.000000255600, -20.80000,
,,,00.000000255800, -20.80000,
,,,00.000000256000, -20.40000,
,,,00.000000256200, -20.40000,
,,,00.000000256400, -20.40000,
,,,00.000000256600, -20.40000,
,,,00.000000256800, -20.40000,
,,,00.000000257000, -20.40000,
,,,00.000000257200, -20.40000,
,,,00.000000257400, -20.40000,
,,,00.000000257600, -20.40000,
,,,00.000000257800, -20.40000,
,,,00.000000258000, -20.40000,
,,,00.000000258200, -20.80000,
,,,00.000000258400, -20.80000,
,,,00.000000258600, -21.20000,
,,,00.000000258800, -21.20000,
,,,00.000000259000, -21.20000,
,,,00.000000259200, -21.60000,
,,,00.000000259400, -21.60000,
,,,00.000000259600, -21.60000,
,,,00.000000259800, -21.60000,
,,,00.000000260000, -21.20000,
,,,00.000000260200, -21.20000,
,,,00.000000260400, -21.20000,
,,,00.000000260600, -20.80000,
,,,00.000000260800, -20.80000,
,,,00.000000261000, -20.40000,
,,,00.000000261200, -20.40000,
,,,00.000000261400, -20.40000,
,,,00.000000261600, -20.40000,
,,,00.000000261800, -20.40000,
,,,00.000000262000, -20.40000,
,,,00.000000262200, -20.80000,
,,,00.000000262400, -20.80000,
,,,00.000000262600, -20.80000,
,,,00.000000262800, -20.80000,
,,,00.000000263000, -20.80000,
,,,00.000000263200, -20.80000,
,,,00.000000263400, -20.80000,
,,,00.000000263600, -20.80000,
,,,00.000000263800, -20.80000,
,,,00.000000264000, -20.40000,
,,,00.000000264200, -20.80000,
,,,00.000000264400, -20.80000,
,,,00.000000264600, -20.80000,
,,,00.000000264800, -20.80000,
,,,00.000000265000, -20.80000,
,,,00.000000265200, -20.80000,
,,,00.000000265400, -20.80000,
,,,00.000000265600, -20.80000,
,,,00.000000265800, -20.80000,
,,,00.000000266000, -20.80000,
,,,00.000000266200, -20.80000,
,,,00.000000266400, -20.80000,
,,,00.000000266600, -20.80000,
,,,00.000000266800, -20.80000,
,,,00.000000267000, -20.80000,
,,,00.000000267200, -20.80000,
,,,00.000000267400, -20.80000,
,,,00.000000267600, -20.80000,
,,,00.000000267800, -20.80000,
,,,00.000000268000, -20.40000,
,,,00.000000268200, -20.80000,
,,,00.000000268400, -20.80000,
,,,00.000000268600, -20.80000,
,,,00.000000268800, -20.80000,
,,,00.000000269000, -20.80000,
,,,00.000000269200, -20.80000,
,,,00.000000269400, -20.80000,
,,,00.000000269600, -20.80000,
,,,00.000000269800, -20.80000,
,,,00.000000270000, -20.40000,
,,,00.000000270200, -20.40000,
,,,00.000000270400, -20.40000,
,,,00.000000270600, -20.40000,
,,,00.000000270800, -20.00000,
,,,00.000000271000, -20.00000,
,,,00.000000271200, -20.40000,
,,,00.000000271400, -20.40000,
,,,00.000000271600, -20.80000,
,,,00.000000271800, -20.80000,
,,,00.000000272000, -20.80000,
,,,00.000000272200, -20.80000,
,,,00.000000272400, -21.20000,
,,,00.000000272600, -20.80000,
,,,00.000000272800, -20.80000,
,,,00.000000273000, -20.80000,
,,,00.000000273200, -20.80000,
,,,00.000000273400, -20.80000,
,,,00.000000273600, -20.80000,
,,,00.000000273800, -20.80000,
,,,00.000000274000, -20.80000,
,,,00.000000274200, -20.80000,
,,,00.000000274400, -20.80000,
,,,00.000000274600, -20.80000,
,,,00.000000274800, -20.80000,
,,,00.000000275000, -20.40000,
,,,00.000000275200, -20.80000,
,,,00.000000275400, -20.80000,
,,,00.000000275600, -20.80000,
,,,00.000000275800, -20.80000,
,,,00.000000276000, -20.80000,
,,,00.000000276200, -20.80000,
,,,00.000000276400, -20.80000,
,,,00.000000276600, -20.80000,
,,,00.000000276800, -20.80000,
,,,00.000000277000, -20.40000,
,,,00.000000277200, -20.40000,
,,,00.000000277400, -20.40000,
,,,00.000000277600, -20.40000,
,,,00.000000277800, -20.40000,
,,,00.000000278000, -20.40000,
,,,00.000000278200, -20.80000,
,,,00.000000278400, -20.80000,
,,,00.000000278600, -20.80000,
,,,00.000000278800, -20.80000,
,,,00.000000279000, -20.80000,
,,,00.000000279200, -20.80000,
,,,00.000000279400, -20.80000,
,,,00.000000279600, -20.80000,
,,,00.000000279800, -20.80000,
,,,00.000000280000, -20.80000,
,,,00.000000280200, -20.80000,
,,,00.000000280400, -20.80000,
,,,00.000000280600, -20.80000,
,,,00.000000280800, -20.80000,
,,,00.000000281000, -20.80000,
,,,00.000000281200, -20.80000,
,,,00.000000281400, -20.80000,
,,,00.000000281600, -20.80000,
,,,00.000000281800, -20.80000,
,,,00.000000282000, -20.80000,
,,,00.000000282200, -20.80000,
,,,00.000000282400, -20.80000,
,,,00.000000282600, -20.80000,
,,,00.000000282800, -20.80000,
,,,00.000000283000, -20.80000,
,,,00.000000283200, -20.80000,
,,,00.000000283400, -20.80000,
,,,00.000000283600, -20.80000,
,,,00.000000283800, -20.80000,
,,,00.000000284000, -20.80000,
,,,00.000000284200, -20.80000,
,,,00.000000284400, -20.80000,
,,,00.000000284600, -20.80000,
,,,00.000000284800, -20.80000,
,,,00.000000285000, -20.40000,
,,,00.000000285200, -20.40000,
,,,00.000000285400, -20.40000,
,,,00.000000285600, -20.40000,
,,,00.000000285800, -20.40000,
,,,00.000000286000, -20.40000,
,,,00.000000286200, -20.80000,
,,,00.000000286400, -20.80000,
,,,00.000000286600, -20.80000,
,,,00.000000286800, -20.80000,
,,,00.000000287000, -20.80000,
,,,00.000000287200, -20.80000,
,,,00.000000287400, -20.80000,
,,,00.000000287600, -20.80000,
,,,00.000000287800, -20.80000,
,,,00.000000288000, -20.80000,
,,,00.000000288200, -20.80000,
,,,00.000000288400, -20.80000,
,,,00.000000288600, -20.80000,
,,,00.000000288800, -20.80000,
,,,00.000000289000, -20.80000,
,,,00.000000289200, -20.80000,
,,,00.000000289400, -20.80000,
,,,00.000000289600, -20.80000,
,,,00.000000289800, -20.80000,
,,,00.000000290000, -20.80000,
,,,00.000000290200, -20.80000,
,,,00.000000290400, -20.80000,
,,,00.000000290600, -20.80000,
,,,00.000000290800, -20.80000,
,,,00.000000291000, -20.80000,
,,,00.000000291200, -20.80000,
,,,00.000000291400, -20.80000,
,,,00.000000291600, -20.80000,
,,,00.000000291800, -20.80000,
,,,00.000000292000, -20.40000,
,,,00.000000292200, -20.40000,
,,,00.000000292400, -20.40000,
,,,00.000000292600, -20.40000,
,,,00.000000292800, -20.40000,
,,,00.000000293000, -20.40000,
,,,00.000000293200, -20.80000,
,,,00.000000293400, -20.80000,
,,,00.000000293600, -20.80000,
,,,00.000000293800, -20.80000,
,,,00.000000294000, -20.80000,
,,,00.000000294200, -20.80000,
,,,00.000000294400, -20.80000,
,,,00.000000294600, -20.80000,
,,,00.000000294800, -20.80000,
,,,00.000000295000, -20.40000,
,,,00.000000295200, -20.40000,
,,,00.000000295400, -20.80000,
,,,00.000000295600, -20.80000,
,,,00.000000295800, -20.80000,
,,,00.000000296000, -20.80000,
,,,00.000000296200, -21.20000,
,,,00.000000296400, -21.20000,
,,,00.000000296600, -21.20000,
,,,00.000000296800, -21.20000,
,,,00.000000297000, -21.20000,
,,,00.000000297200, -21.20000,
,,,00.000000297400, -21.20000,
,,,00.000000297600, -21.20000,
,,,00.000000297800, -21.20000,
,,,00.000000298000, -20.80000,
,,,00.000000298200, -20.80000,
,,,00.000000298400, -20.80000,
,,,00.000000298600, -20.80000,
,,,00.000000298800, -20.80000,
,,,00.000000299000, -20.80000,
,,,00.000000299200, -21.20000,
,,,00.000000299400, -21.20000,
,,,00.000000299600, -21.20000,
,,,00.000000299800, -21.20000,
,,,00.000000300000, -21.20000,
,,,00.000000300200, -21.20000,
,,,00.000000300400, -21.20000,
,,,00.000000300600, -21.20000,
,,,00.000000300800, -21.20000,
,,,00.000000301000, -21.20000,
,,,00.000000301200, -21.60000,
,,,00.000000301400, -21.60000,
,,,00.000000301600, -21.60000,
,,,00.000000301800, -21.60000,
,,,00.000000302000, -21.60000,
,,,00.000000302200, -22.00000,
,,,00.000000302400, -22.00000,
,,,00.000000302600, -22.00000,
,,,00.000000302800, -22.00000,
,,,00.000000303000, -22.00000,
,,,00.000000303200, -22.40000,
,,,00.000000303400, -22.40000,
,,,00.000000303600, -22.40000,
,,,00.000000303800, -22.40000,
,,,00.000000304000, -22.40000,
,,,00.000000304200, -22.80000,
,,,00.000000304400, -22.80000,
,,,00.000000304600, -22.80000,
,,,00.000000304800, -22.80000,
,,,00.000000305000, -22.80000,
,,,00.000000305200, -22.80000,
,,,00.000000305400, -22.80000,
,,,00.000000305600, -22.80000,
,,,00.000000305800, -22.80000,
,,,00.000000306000, -22.80000,
,,,00.000000306200, -22.80000,
,,,00.000000306400, -22.80000,
,,,00.000000306600, -22.80000,
,,,00.000000306800, -22.80000,
,,,00.000000307000, -22.80000,
,,,00.000000307200, -22.80000,
,,,00.000000307400, -22.80000,
,,,00.000000307600, -22.80000,
,,,00.000000307800, -22.80000,
,,,00.000000308000, -22.40000,
,,,00.000000308200, -22.40000,
,,,00.000000308400, -22.40000,
,,,00.000000308600, -22.40000,
,,,00.000000308800, -22.40000,
,,,00.000000309000, -22.40000,
,,,00.000000309200, -22.80000,
,,,00.000000309400, -22.80000,
,,,00.000000309600, -22.80000,
,,,00.000000309800, -22.80000,
,,,00.000000310000, -22.80000,
,,,00.000000310200, -22.80000,
,,,00.000000310400, -23.20000,
,,,00.000000310600, -23.20000,
,,,00.000000310800, -22.80000,
,,,00.000000311000, -22.80000,
,,,00.000000311200, -22.80000,
,,,00.000000311400, -22.80000,
,,,00.000000311600, -22.80000,
,,,00.000000311800, -22.80000,
,,,00.000000312000, -22.40000,
,,,00.000000312200, -22.40000,
,,,00.000000312400, -22.40000,
,,,00.000000312600, -22.40000,
,,,00.000000312800, -22.40000,
,,,00.000000313000, -22.00000,
,,,00.000000313200, -22.00000,
,,,00.000000313400, -22.00000,
,,,00.000000313600, -22.00000,
,,,00.000000313800, -22.00000,
,,,00.000000314000, -21.60000,
,,,00.000000314200, -21.60000,
,,,00.000000314400, -21.60000,
,,,00.000000314600, -21.60000,
,,,00.000000314800, -21.60000,
,,,00.000000315000, -21.20000,
,,,00.000000315200, -21.20000,
,,,00.000000315400, -21.20000,
,,,00.000000315600, -21.20000,
,,,00.000000315800, -21.20000,
,,,00.000000316000, -21.20000,
,,,00.000000316200, -21.60000,
,,,00.000000316400, -21.60000,
,,,00.000000316600, -21.60000,
,,,00.000000316800, -21.60000,
,,,00.000000317000, -21.60000,
,,,00.000000317200, -21.60000,
,,,00.000000317400, -21.60000,
,,,00.000000317600, -21.60000,
,,,00.000000317800, -21.60000,
,,,00.000000318000, -21.20000,
,,,00.000000318200, -21.20000,
,,,00.000000318400, -21.20000,
,,,00.000000318600, -21.20000,
,,,00.000000318800, -21.20000,
,,,00.000000319000, -21.20000,
,,,00.000000319200, -21.20000,
,,,00.000000319400, -21.20000,
,,,00.000000319600, -21.20000,
,,,00.000000319800, -21.20000,
,,,00.000000320000, -21.20000,
,,,00.000000320200, -21.60000,
,,,00.000000320400, -21.60000,
,,,00.000000320600, -21.60000,
,,,00.000000320800, -21.60000,
,,,00.000000321000, -21.60000,
,,,00.000000321200, -21.60000,
,,,00.000000321400, -21.60000,
,,,00.000000321600, -21.60000,
,,,00.000000321800, -21.60000,
,,,00.000000322000, -21.20000,
,,,00.000000322200, -21.20000,
,,,00.000000322400, -21.20000,
,,,00.000000322600, -21.20000,
,,,00.000000322800, -21.20000,
,,,00.000000323000, -21.20000,
,,,00.000000323200, -21.20000,
,,,00.000000323400, -21.20000,
,,,00.000000323600, -21.20000,
,,,00.000000323800, -21.20000,
,,,00.000000324000, -21.20000,
,,,00.000000324200, -21.20000,
,,,00.000000324400, -21.20000,
,,,00.000000324600, -21.20000,
,,,00.000000324800, -21.20000,
,,,00.000000325000, -20.80000,
,,,00.000000325200, -20.80000,
,,,00.000000325400, -20.80000,
,,,00.000000325600, -20.80000,
,,,00.000000325800, -20.80000,
,,,00.000000326000, -20.80000,
,,,00.000000326200, -20.80000,
,,,00.000000326400, -20.80000,
,,,00.000000326600, -20.80000,
,,,00.000000326800, -20.80000,
,,,00.000000327000, -20.80000,
,,,00.000000327200, -21.20000,
,,,00.000000327400, -21.20000,
,,,00.000000327600, -21.20000,
,,,00.000000327800, -21.20000,
,,,00.000000328000, -21.20000,
,,,00.000000328200, -21.20000,
,,,00.000000328400, -21.60000,
,,,00.000000328600, -21.60000,
,,,00.000000328800, -21.20000,
,,,00.000000329000, -21.20000,
,,,00.000000329200, -21.20000,
,,,00.000000329400, -21.20000,
,,,00.000000329600, -21.20000,
,,,00.000000329800, -21.20000,
,,,00.000000330000, -20.80000,
,,,00.000000330200, -20.80000,
,,,00.000000330400, -20.80000,
,,,00.000000330600, -20.80000,
,,,00.000000330800, -20.80000,
,,,00.000000331000, -20.80000,
,,,00.000000331200, -20.80000,
,,,00.000000331400, -20.80000,
,,,00.000000331600, -20.80000,
,,,00.000000331800, -20.80000,
,,,00.000000332000, -20.80000,
,,,00.000000332200, -21.20000,
,,,00.000000332400, -21.20000,
,,,00.000000332600, -21.20000,
,,,00.000000332800, -21.20000,
,,,00.000000333000, -21.20000,
,,,00.000000333200, -21.20000,
,,,00.000000333400, -21.20000,
,,,00.000000333600, -21.20000,
,,,00.000000333800, -21.20000,
,,,00.000000334000, -20.80000,
,,,00.000000334200, -21.20000,
,,,00.000000334400, -21.20000,
,,,00.000000334600, -21.20000,
,,,00.000000334800, -21.20000,
,,,00.000000335000, -21.20000,
,,,00.000000335200, -21.20000,
,,,00.000000335400, -21.20000,
,,,00.000000335600, -21.20000,
,,,00.000000335800, -21.20000,
,,,00.000000336000, -21.20000,
,,,00.000000336200, -21.20000,
,,,00.000000336400, -21.20000,
,,,00.000000336600, -21.20000,
,,,00.000000336800, -21.20000,
,,,00.000000337000, -21.20000,
,,,00.000000337200, -21.20000,
,,,00.000000337400, -21.20000,
,,,00.000000337600, -21.20000,
,,,00.000000337800, -21.20000,
,,,00.000000338000, -21.20000,
,,,00.000000338200, -21.20000,
,,,00.000000338400, -21.20000,
,,,00.000000338600, -21.20000,
,,,00.000000338800, -21.20000,
,,,00.000000339000, -21.20000,
,,,00.000000339200, -21.20000,
,,,00.000000339400, -21.20000,
,,,00.000000339600, -21.20000,
,,,00.000000339800, -21.20000,
,,,00.000000340000, -21.20000,
,,,00.000000340200, -21.20000,
,,,00.000000340400, -21.20000,
,,,00.000000340600, -21.20000,
,,,00.000000340800, -21.20000,
,,,00.000000341000, -20.80000,
,,,00.000000341200, -20.80000,
,,,00.000000341400, -20.80000,
,,,00.000000341600, -20.80000,
,,,00.000000341800, -20.80000,
,,,00.000000342000, -20.80000,
,,,00.000000342200, -21.20000,
,,,00.000000342400, -21.20000,
,,,00.000000342600, -21.20000,
,,,00.000000342800, -21.20000,
,,,00.000000343000, -21.20000,
,,,00.000000343200, -21.20000,
,,,00.000000343400, -21.60000,
,,,00.000000343600, -21.60000,
,,,00.000000343800, -21.20000,
,,,00.000000344000, -21.20000,
,,,00.000000344200, -21.20000,
,,,00.000000344400, -21.20000,
,,,00.000000344600, -21.20000,
,,,00.000000344800, -21.20000,
,,,00.000000345000, -20.80000,
,,,00.000000345200, -21.20000,
,,,00.000000345400, -21.20000,
,,,00.000000345600, -21.20000,
,,,00.000000345800, -21.20000,
,,,00.000000346000, -21.20000,
,,,00.000000346200, -21.20000,
,,,00.000000346400, -21.20000,
,,,00.000000346600, -21.20000,
,,,00.000000346800, -21.20000,
,,,00.000000347000, -20.80000,
,,,00.000000347200, -20.80000,
,,,00.000000347400, -20.80000,
,,,00.000000347600, -20.80000,
,,,00.000000347800, -20.80000,
,,,00.000000348000, -20.80000,
,,,00.000000348200, -20.80000,
,,,00.000000348400, -20.80000,
,,,00.000000348600, -20.80000,
,,,00.000000348800, -20.80000,
,,,00.000000349000, -20.80000,
,,,00.000000349200, -20.80000,
,,,00.000000349400, -20.80000,
,,,00.000000349600, -20.80000,
,,,00.000000349800, -20.80000,
,,,00.000000350000, -20.40000,
,,,00.000000350200, -20.40000,
,,,00.000000350400, -20.80000,
,,,00.000000350600, -20.80000,
,,,00.000000350800, -20.80000,
,,,00.000000351000, -20.80000,
,,,00.000000351200, -21.20000,
,,,00.000000351400, -21.20000,
,,,00.000000351600, -21.20000,
,,,00.000000351800, -21.20000,
,,,00.000000352000, -21.20000,
,,,00.000000352200, -21.20000,
,,,00.000000352400, -21.60000,
,,,00.000000352600, -21.60000,
,,,00.000000352800, -21.20000,
,,,00.000000353000, -21.20000,
,,,00.000000353200, -21.20000,
,,,00.000000353400, -21.20000,
,,,00.000000353600, -21.20000,
,,,00.000000353800, -21.20000,
,,,00.000000354000, -20.80000,
,,,00.000000354200, -20.80000,
,,,00.000000354400, -20.80000,
,,,00.000000354600, -20.80000,
,,,00.000000354800, -20.40000,
,,,00.000000355000, -20.40000,
,,,00.000000355200, -20.40000,
,,,00.000000355400, -20.80000,
,,,00.000000355600, -20.80000,
,,,00.000000355800, -20.80000,
,,,00.000000356000, -20.80000,
,,,00.000000356200, -21.20000,
,,,00.000000356400, -21.20000,
,,,00.000000356600, -21.20000,
,,,00.000000356800, -21.20000,
,,,00.000000357000, -21.20000,
,,,00.000000357200, -21.20000,
,,,00.000000357400, -21.20000,
,,,00.000000357600, -20.80000,
,,,00.000000357800, -20.80000,
,,,00.000000358000, -20.40000,
,,,00.000000358200, -20.40000,
,,,00.000000358400, -20.40000,
,,,00.000000358600, -20.40000,
,,,00.000000358800, -20.40000,
,,,00.000000359000, -20.40000,
,,,00.000000359200, -20.80000,
,,,00.000000359400, -20.80000,
,,,00.000000359600, -20.80000,
,,,00.000000359800, -20.80000,
,,,00.000000360000, -20.80000,
,,,00.000000360200, -20.80000,
,,,00.000000360400, -20.80000,
,,,00.000000360600, -20.80000,
,,,00.000000360800, -20.80000,
,,,00.000000361000, -20.80000,
,,,00.000000361200, -20.80000,
,,,00.000000361400, -20.80000,
,,,00.000000361600, -20.80000,
,,,00.000000361800, -20.80000,
,,,00.000000362000, -20.80000,
,,,00.000000362200, -20.80000,
,,,00.000000362400, -20.80000,
,,,00.000000362600, -20.80000,
,,,00.000000362800, -20.80000,
,,,00.000000363000, -20.80000,
,,,00.000000363200, -20.80000,
,,,00.000000363400, -20.80000,
,,,00.000000363600, -20.80000,
,,,00.000000363800, -20.80000,
,,,00.000000364000, -20.80000,
,,,00.000000364200, -20.80000,
,,,00.000000364400, -20.80000,
,,,00.000000364600, -20.80000,
,,,00.000000364800, -20.80000,
,,,00.000000365000, -20.40000,
,,,00.000000365200, -20.80000,
,,,00.000000365400, -20.80000,
,,,00.000000365600, -20.80000,
,,,00.000000365800, -20.80000,
,,,00.000000366000, -20.80000,
,,,00.000000366200, -20.80000,
,,,00.000000366400, -20.80000,
,,,00.000000366600, -20.80000,
,,,00.000000366800, -20.80000,
,,,00.000000367000, -20.80000,
,,,00.000000367200, -21.20000,
,,,00.000000367400, -21.20000,
,,,00.000000367600, -21.20000,
,,,00.000000367800, -21.20000,
,,,00.000000368000, -21.20000,
,,,00.000000368200, -21.20000,
,,,00.000000368400, -21.20000,
,,,00.000000368600, -21.20000,
,,,00.000000368800, -21.20000,
,,,00.000000369000, -20.80000,
,,,00.000000369200, -20.80000,
,,,00.000000369400, -20.80000,
,,,00.000000369600, -20.80000,
,,,00.000000369800, -20.40000,
,,,00.000000370000, -20.40000,
,,,00.000000370200, -20.40000,
,,,00.000000370400, -20.80000,
,,,00.000000370600, -20.80000,
,,,00.000000370800, -20.80000,
,,,00.000000371000, -20.80000,
,,,00.000000371200, -21.20000,
,,,00.000000371400, -21.20000,
,,,00.000000371600, -21.20000,
,,,00.000000371800, -21.20000,
,,,00.000000372000, -21.20000,
,,,00.000000372200, -21.20000,
,,,00.000000372400, -21.20000,
,,,00.000000372600, -21.20000,
,,,00.000000372800, -21.20000,
,,,00.000000373000, -20.80000,
,,,00.000000373200, -20.80000,
,,,00.000000373400, -20.80000,
,,,00.000000373600, -20.80000,
,,,00.000000373800, -20.80000,
,,,00.000000374000, -20.40000,
,,,00.000000374200, -20.40000,
,,,00.000000374400, -20.40000,
,,,00.000000374600, -20.40000,
,,,00.000000374800, -20.40000,
,,,00.000000375000, -20.40000,
,,,00.000000375200, -20.40000,
,,,00.000000375400, -20.40000,
,,,00.000000375600, -20.40000,
,,,00.000000375800, -20.40000,
,,,00.000000376000, -20.40000,
,,,00.000000376200, -20.80000,
,,,00.000000376400, -20.80000,
,,,00.000000376600, -20.80000,
,,,00.000000376800, -20.80000,
,,,00.000000377000, -20.80000,
,,,00.000000377200, -21.20000,
,,,00.000000377400, -21.20000,
,,,00.000000377600, -21.20000,
,,,00.000000377800, -21.20000,
,,,00.000000378000, -21.20000,
,,,00.000000378200, -21.20000,
,,,00.000000378400, -21.20000,
,,,00.000000378600, -21.20000,
,,,00.000000378800, -21.20000,
,,,00.000000379000, -20.80000,
,,,00.000000379200, -20.80000,
,,,00.000000379400, -20.80000,
,,,00.000000379600, -20.80000,
,,,00.000000379800, -20.80000,
